Run,Time,Completed,Visited,Terminal,Loops,Branching Factor,Branching @ 0,Branching @ 1,Branching @ 2,Branching @ 3,Branching @ 4,Branching @ 5,Branching @ 6,Branching @ 7,B Power,C Power,D Power,E Power,F Power,G Power,H Power,I Power,J Power,Terminal,Depth,Step,Terminal,Depth,Step,Terminal,Depth,Step,Terminal,Depth,Step,Estimated Path Length,Estimated Path Nodes
0,2.7091329097747803,True,94,3,0,4.840425531914893,10.0,8.2,6.1,4.114285714285714,2.1875,0.0,0.0,0.0,0.02942729027768439,0.07915984544913966,0.057103599374429194,0.08877056321257976,0.042763814163111105,0.15019644412262628,0.03640855857623925,0.16157155394234538,0.17285321001663834,AE BDI C F G HJ,4,76,AE BIJ CD F G H,4,82,AE BH CD FIJ G,5,92,,,,5,A B C D E F G H I J,AE B C D F G H I J,AE B C D F G H IJ,AE BIJ C D F G H,AE BIJ CD F G H
1,3.0329811573028564,True,104,2,0,4.788461538461538,10.0,8.2,6.125,4.15,2.263157894736842,0.0,0.0,0.0,0.08236695868829541,0.08941887813123255,0.04661222861887954,0.06575913758176652,0.04574033157605875,0.13773452539156805,0.1236399656704797,0.1530530241253885,0.021838192905663256,AE BDI C F G HJ,4,98,AE BHJ CD FI G,5,102,,,,,,,5,A B C D E F G H I J,AE B C D F G H I J,AE BI C D F G H J,AE BDI C F G H J,AE BDI C F G HJ
2,3.50125789642334,True,126,1,0,5.23015873015873,11.0,9.090909090909092,6.8108108108108105,4.6875,2.68,0.0,0.0,0.0,0.11910366441109574,0.20638469252709968,0.10419101618402192,0.005846417802301518,0.09400513783812488,0.028355155226226867,0.09198254653123626,0.01924132846114801,0.06259102510538589,AE BHJ CD FI G,5,122,,,,,,,,,,6,A B C D E F G H I J,AE B C D F G H I J,AE BH C D F G I J,AE BHJ C D F G I,AE BHJ CD F G I,AE BHJ CD FI G
3,3.1198551654815674,True,114,1,0,5.307017543859649,11.0,9.0,6.722222222222222,4.590909090909091,2.5,0.0,0.0,0.0,0.10384987141161946,0.1528375529524619,0.09706245795539954,0.1536427954388223,0.04945798401918614,0.09160647002764453,0.1376031475887182,0.02571346037614665,0.0305393024247853,AE BHJ CD FI G,5,112,,,,,,,,,,6,A B C D E F G H I J,AE B C D F G H I J,AE BH C D F G I J,AE BHJ C D F G I,AE BHJ CD F G I,AE BHJ CD FI G
4,3.9070818424224854,True,148,2,0,5.662162162162162,12.0,9.833333333333334,7.372093023255814,5.120689655172414,3.0,0.0,0.0,0.0,0.05192368259102036,0.11591348181640847,0.12938006197775775,0.059904720715912324,0.06756895104050566,0.036502948937868526,0.14128628923750342,0.13944208185774273,0.05356442426860443,AE BDI C F G HJ,4,142,AE BHJ CD FI G,5,146,,,,,,,5,A B C D E F G H I J,AE B C D F G H I J,AE B C DI F G H J,AE BDI C F G H J,AE BDI C F G HJ
5,3.80340313911438,True,138,1,38,5.13768115942029,11.0,9.090909090909092,6.842105263157895,4.75,2.8,0.0,0.0,0.0,0.13620644528981996,0.11889173642250876,0.033404045627394824,0.06088651700112019,0.1621357418626887,0.00959678342790818,0.12664173643949636,0.029067639825834643,0.05517394345147119,AE BHJ CD FI G,5,132,,,,,,,,,,6,A B C D E F G H I J,AE B C D F G H I J,AE BH C D F G I J,AE BHJ C D F G I,AE BHJ C D FI G,AE BHJ CD FI G
6,3.2058491706848145,True,112,4,0,4.696428571428571,10.0,8.3,6.161290322580645,4.225,2.625,0.0,0.0,0.0,0.10219697281415059,0.1569846820950713,0.06716066323808854,0.05444376811657261,0.019007594964174146,0.15676549666568146,0.06697481724222884,0.12120485621150479,0.0881820825367311,AE BIJ CD F G H,4,83,AE BDI C F G HJ,4,85,AE BFIJ CD G H,5,106,AE BHJ CD FI G,5,111,5,A B C D E F G H I J,AE B C D F G H I J,AE BI C D F G H J,AE BIJ C D F G H,AE BIJ CD F G H
7,1.739743947982788,True,54,2,0,4.462962962962963,9.0,7.111111111111111,4.954545454545454,3.0555555555555554,0.0,0.0,0.0,0.0,0.16501680534557708,0.030023584626737522,0.16386495115805755,0.15139865499487432,0.11890335947722916,0.06378762482028595,0.039408005599935285,0.08179104831725058,0.014268124856432486,AE BIJ C D F G H,3,45,AE BDI C F G HJ,4,50,,,,,,,5,A B C D E F G H I J,AE B C D F G H I J,AE BI C D F G H J,AE BDI C F G H J,AE BDI C F G HJ
8,2.794481039047241,True,100,2,36,4.74,10.0,8.1,6.032258064516129,4.078947368421052,2.2222222222222223,0.0,0.0,0.0,0.01147361701314139,0.19130638418331006,0.11241708849751923,0.06531463771619601,0.021278994433473548,0.15515388430214797,0.06367014872136093,0.14265363232617764,0.024566139493379036,AE BDI C F G HJ,4,81,AE BHJ CD FI G,5,98,,,,,,,5,A B C D E F G H I J,AE B C D F G H I J,AE B C DI F G H J,AE BDI C F G H J,AE BDI C F G HJ
9,3.922788143157959,True,148,1,0,5.662162162162162,12.0,9.833333333333334,7.372093023255814,5.120689655172414,3.0,0.0,0.0,0.0,0.056036271411553554,0.07417652427403565,0.12016834655626923,0.11452496334190768,0.10507827208189419,0.1064296607105897,0.1008391836590306,0.09198258211019597,0.10985524688607157,AE BHJ CD FI G,5,145,,,,,,,,,,6,A B C D E F G H I J,AE B C D F G H I J,AE B C D F G HJ I,AE BHJ C D F G I,AE BHJ C D FI G,AE BHJ CD FI G
10,3.453744888305664,True,126,4,0,5.087301587301587,11.0,9.090909090909092,6.756756756756757,4.541666666666667,2.4,0.0,0.0,0.0,0.14639470311214015,0.1254945043785484,0.1418375769807685,0.1253189008590849,0.06952433943619156,0.01047322692095093,0.021251733241596325,0.12648353926909386,0.07373482406018897,AE BDI C FJ G H,4,100,AE BIJ CD F G H,4,109,AE BHJ CD FI G,5,124,AE BHIJ CD F G,5,125,6,A B C D E F G H I J,AE B C D F G H I J,AE BI C D F G H J,AE BDI C F G H J,AE BDI C F G HJ,AE BDI C FJ G H
11,2.4261770248413086,True,84,1,0,4.785714285714286,10.0,8.0,5.827586206896552,3.870967741935484,1.9166666666666667,0.0,0.0,0.0,0.15971583611760068,0.1070562385598087,0.0839367842782614,0.07524180386179488,0.13622635049937057,0.05638563146301998,0.13258603283693943,0.06323608616135583,0.010819783754835425,AE BHJ CD FI G,5,83,,,,,,,,,,6,A B C D E F G H I J,A BH C D E F G I J,AE BH C D F G I J,AE BHJ C D F G I,AE BHJ C D FI G,AE BHJ CD FI G
12,1.8461058139801025,True,54,1,0,3.7962962962962963,7.0,5.857142857142857,4.25,2.9285714285714284,2.8333333333333335,3.8,2.75,0.0,0.10217689537035252,0.06759725046298444,0.011838500408939757,0.19175418684807727,0.1590501082808048,0.053261092118682275,0.07991379425183275,0.11866220786932186,0.015281613116477352,AE BHJ C D FI G,4,42,,,,,,,,,,5,A B C D E F G H I J,AE B C D F G H I J,AE B C D FI G H J,AE BH C D FI G J,AE BHJ C D FI G
13,2.096256971359253,True,64,1,0,4.46875,9.0,7.333333333333333,5.217391304347826,3.2857142857142856,1.7142857142857142,3.5,0.0,0.0,0.00047042697469720855,0.011700167106875575,0.16445534967719164,0.037809746045124284,0.08459189173320049,0.10253651319530228,0.18021665284023936,0.05986090838454226,0.15621883602983988,AE BHJ C DI F G,4,58,,,,,,,,,,5,A B C D E F G H I J,A B C D E F G HJ I,AE B C D F G HJ I,AE BHJ C D F G I,AE BHJ C DI F G
14,3.323472023010254,True,118,1,0,5.1440677966101696,11.0,9.0,6.638888888888889,4.488888888888889,2.4545454545454546,0.0,0.0,0.0,0.07033707762329242,0.04908861127354362,0.015156273609730838,0.16979951099199084,0.12266351022845114,0.0830706768691203,0.13613920821851194,0.12514291617820944,0.02393182105993804,AE BHJ CD FI G,5,117,,,,,,,,,,6,A B C D E F G H I J,AE B C D F G H I J,AE B C D FI G H J,AE BH C D FI G J,AE BHJ C D FI G,AE BHJ CD FI G
15,3.6127350330352783,True,130,4,0,5.161538461538462,11.0,9.0,6.638888888888889,4.543478260869565,2.923076923076923,3.375,0.0,0.0,0.2101384470222444,0.08976625557475436,0.03706193216104748,0.006624758634767149,0.027300836007757418,0.04852930564663159,0.09220344085957868,0.09033966648723811,0.16262894193203023,AE BIJ CD F G H,4,94,AE BHJ C DI F G,4,104,AE BHIJ CD F G,5,126,AE BHJ CD FI G,5,127,6,A B C D E F G H I J,A BJ C D E F G H I,A BHJ C D E F G I,AE BHJ C D F G I,AE BHJ C D FI G,AE BHJ CD FI G
16,3.4267640113830566,True,124,1,0,5.241935483870968,11.0,9.090909090909092,6.8108108108108105,4.645833333333333,2.5833333333333335,0.0,0.0,0.0,0.07589726048047757,0.08643982704574371,0.11921891934614155,0.026140120725534458,0.13280427187378427,0.15723994740754926,0.1456935709518444,0.03979106469661706,0.05213820277247986,AE BHJ CD FI G,5,121,,,,,,,,,,6,A B C D E F G H I J,A BH C D E F G I J,A BHJ C D E F G I,AE BHJ C D F G I,AE BHJ C D FI G,AE BHJ CD FI G
17,3.0558669567108154,True,108,2,0,5.018518518518518,10.0,8.2,6.166666666666667,4.405405405405405,3.227272727272727,3.5714285714285716,0.0,0.0,0.15709007846681203,0.06709223527508155,0.1307253781800428,0.018529908328672455,0.0107361494599864,0.02711272140900055,0.18811409484018027,0.12026275179632273,0.07649600753347217,AE BHJ C DI F G,4,87,AE BHJ CD FI G,5,101,,,,,,,5,A B C D E F G H I J,A BH C D E F G I J,A BHJ C D E F G I,AE BHJ C D F G I,AE BHJ C DI F G
18,3.1135311126708984,True,114,1,0,5.307017543859649,11.0,9.0,6.722222222222222,4.590909090909091,2.5,0.0,0.0,0.0,0.05155452207090151,0.1621121457999835,0.10871094496503315,0.0072955406077166085,0.0850671254723038,0.03386595136103687,0.17006469980103062,0.09052054459359196,0.08488068330339014,AE BHJ CD FI G,5,113,,,,,,,,,,6,A B C D E F G H I J,A B C D E F G HJ I,A BHJ C D E F G I,AE BHJ C D F G I,AE BHJ C D FI G,AE BHJ CD FI G
19,3.7395131587982178,True,138,3,0,5.22463768115942,11.0,9.090909090909092,6.868421052631579,4.788461538461538,2.896551724137931,2.0,0.0,0.0,0.15786984126641693,0.032493380534289164,0.01888008216021953,0.12913328274750488,0.15232301778105575,0.024093318778133685,0.10280010465625807,0.06786733921958163,0.12395191826377622,AE BIJ CD F G H,4,114,AE BHJ CD FI G,5,132,AE BFIJ CD G H,5,134,,,,6,A B C D E F G H I J,AE B C D F G H I J,AE BH C D F G I J,AE BHJ C D F G I,AE BHJ C D FI G,AE BHJ CD FI G
20,2.279125928878784,True,74,2,24,4.95945945945946,10.0,8.1,5.821428571428571,3.740740740740741,0.0,0.0,0.0,0.0,0.10598404933900105,0.010765984087667395,0.13780983997806362,0.11961403135938926,0.15983634238909353,0.10782097047118605,0.06636236537131301,0.041205312107009076,0.06939208159610225,AE BIJ C D F G H,3,65,AE BHJ C D FI G,4,67,,,,,,,5,A B C D E F G H I J,AE B C D F G H I J,AE BH C D F G I J,AE BHJ C D F G I,AE BHJ C D FI G
21,3.895704984664917,True,126,1,0,5.150793650793651,11.0,9.0,6.702702702702703,4.604166666666667,2.64,0.0,0.0,0.0,0.1381078971297212,0.10361242014648278,0.1560714823114912,0.08144462269609674,0.11247060655731904,0.057393320692200156,0.11523494940643475,0.03802974273877776,0.03872228594280212,AE BHJ CD FI G,5,122,,,,,,,,,,6,A B C D E F G H I J,AE B C D F G H I J,AE BH C D F G I J,AE BHJ C D F G I,AE BHJ CD F G I,AE BHJ CD FI G
22,3.493378162384033,True,124,3,0,5.193548387096774,11.0,9.090909090909092,6.8108108108108105,4.604166666666667,2.4583333333333335,0.0,0.0,0.0,0.08340994903373965,0.16947430059193025,0.05542004414411601,0.05373215557912358,0.047090261211451524,0.15227047108475314,0.04699566735811346,0.055987317236407624,0.15681526782583527,AE BIJ CD F G H,4,103,AE BHJ CD FI G,5,121,AE BHIJ CD F G,5,123,,,,6,A B C D E F G H I J,AE B C D F G H I J,AE BJ C D F G H I,AE BHJ C D F G I,AE BHJ C D FI G,AE BHJ CD FI G
23,2.823530912399292,True,96,3,0,4.708333333333333,10.0,8.1,5.966666666666667,4.0285714285714285,2.235294117647059,0.0,0.0,0.0,0.092562265847205,0.13512704538333173,0.04382402835046937,0.10526872537967834,0.1136588313801041,0.16533359757449512,0.021907503096117876,0.038390837775088414,0.028066953960876224,AE BDI C F G HJ,4,87,AE BIJ CD F G H,4,88,AE BHJ CD FI G,5,93,,,,6,A B C D E F G H I J,AE B C D F G H I J,AE B C D FI G H J,AE BH C D FI G J,AE BHJ C D FI G,AE BHJ CD FI G
24,3.1060361862182617,True,108,3,0,5.037037037037037,10.0,8.2,6.133333333333334,4.305555555555555,3.2857142857142856,4.25,0.0,0.0,0.16978122647429492,0.042602045515675965,0.10998053144845361,0.08627924697411604,0.031070995737529115,0.012406500274567274,0.09760220682082199,0.06431358778386592,0.15507053387815373,AE BIJ CD F G H,4,77,AE BHJ C DI F G,4,78,AE BHJ CD FI G,5,98,,,,5,A B C D E F G H I J,AE B C D F G H I J,AE BJ C D F G H I,AE BHJ C D F G I,AE BHJ C DI F G
25,4.312788963317871,True,160,2,0,5.5,12.0,9.833333333333334,7.340909090909091,5.080645161290323,3.0,0.0,0.0,0.0,0.14323659619895,0.020963467172889272,0.06303290627340638,0.07337627019211783,0.1407795865197987,0.09850005241713126,0.14280111513013907,0.05711298946872923,0.09966309004483721,AE BIJ CD F G H,4,123,AE BHJ CD FI G,5,159,,,,,,,6,A B C D E F G H I J,A BH C D E F G I J,A BHJ C D E F G I,AE BHJ C D F G I,AE BHJ C D FI G,AE BHJ CD FI G
26,3.124394178390503,True,106,4,0,4.632075471698113,10.0,8.3,6.161290322580645,4.102564102564102,2.142857142857143,0.0,0.0,0.0,0.07475547783255315,0.1599335691423651,0.036372961283167166,0.07266006605082428,0.023597443120288036,0.14447015672329255,0.007652570479545395,0.1529479978742246,0.12413799538090747,AE BDI C F G HJ,4,81,AE BIJ CD F G H,4,85,AE BH CD FIJ G,5,104,AE BHIJ CD F G,5,105,5,A B C D E F G H I J,AE B C D F G H I J,AE BI C D F G H J,AE BIJ C D F G H,AE BIJ CD F G H
27,3.532299041748047,True,126,1,0,5.246031746031746,11.0,9.090909090909092,6.837837837837838,4.708333333333333,2.68,0.0,0.0,0.0,0.05871176811863344,0.06990961888386556,0.0318094508946597,0.0970360233986605,0.14349072560178203,0.01795911736833646,0.17588575001235873,0.13470045697658609,0.07385277444339708,AE BHJ CD FI G,5,122,,,,,,,,,,6,A B C D E F G H I J,AE B C D F G H I J,AE B C D FI G H J,AE B C D FI G HJ,AE BHJ C D FI G,AE BHJ CD FI G
28,3.1961710453033447,True,114,3,0,5.307017543859649,11.0,9.0,6.722222222222222,4.590909090909091,2.5,0.0,0.0,0.0,0.03221650979565258,0.0399345807044733,0.1796088364268783,0.07506969857222917,0.07379478901233816,0.06848613120327654,0.028911379608081145,0.13995489862327087,0.1502887043358369,AE BDI C FJ G H,4,92,AE BIJ CD F G H,4,97,AE BH CD FIJ G,5,112,,,,6,A B C D E F G H I J,AE B C D F G H I J,AE B C DI F G H J,AE BDI C F G H J,AE BDI C F G HJ,AE BDI C FJ G H
29,4.020271062850952,True,148,3,0,5.54054054054054,12.0,9.833333333333334,7.3023255813953485,4.982758620689655,2.8,0.0,0.0,0.0,0.1785649870868013,0.13273270025686867,0.13057851696016853,0.01373716520609828,0.07097486673885597,0.014331633364775305,0.06979515409050922,0.07567388784024554,0.12787933356757938,AE BIJ CD F G H,4,124,AE BHJ CD FI G,5,145,AE BHIJ CD F G,5,147,,,,7,A B C D E F G H I J,A BJ C D E F G H I,A BHJ C D E F G I,AE BHJ C D F G I,AE BHJ C DI F G,AE BHJ CD F G I,AE BHJ CD FI G
30,3.55433988571167,True,126,1,0,5.261904761904762,11.0,9.090909090909092,6.837837837837838,4.729166666666667,2.72,0.0,0.0,0.0,0.14503222052641107,0.014079446519777411,0.04508503482019659,0.14077639445034923,0.044421697217366274,0.17250003654892868,0.14682130559241693,0.05658649139091728,0.01645093595962951,AE BHJ CD FI G,5,122,,,,,,,,,,7,A B C D E F G H I J,AE B C D F G H I J,AE BH C D F G I J,AE BHJ C D F G I,AE BHIJ C D F G,AE BHIJ CD F G,AE BHJ CD FI G
31,3.6664540767669678,True,130,4,0,4.992307692307692,11.0,9.090909090909092,6.783783783783784,4.530612244897959,2.3333333333333335,0.0,0.0,0.0,0.194263281469548,0.0595386208064975,0.09187715339059307,0.1537945408198939,0.04387420872583914,0.014543640088166677,0.01164105747763339,0.15820088301666796,0.0722154851707145,AE BDI C FJ G H,4,118,AE BHJ CD FI G,5,125,AE BFIJ CD G H,5,126,AE BHIJ CD F G,5,129,6,A B C D E F G H I J,AE B C D F G H I J,AE BI C D F G H J,AE BDI C F G H J,AE BDI C F G HJ,AE BDI C FJ G H
32,3.189527988433838,True,108,3,0,4.685185185185185,10.0,8.3,6.193548387096774,4.205128205128205,2.3636363636363638,0.0,0.0,0.0,0.06531139934029855,0.1253445533932369,0.07007462454238729,0.09802795241709376,0.01622280652591381,0.14312533807626565,0.11031142059728008,0.07832089581203551,0.14005436267481333,AE BHJ C DI F G,4,100,AE BHJ CD FI G,5,104,AE BFIJ CD G H,5,107,,,,5,A B C D E F G H I J,AE B C D F G H I J,AE B C D F G HJ I,AE BHJ C D F G I,AE BHJ C DI F G
33,2.5087478160858154,True,78,1,0,4.705128205128205,10.0,8.0,5.714285714285714,3.5517241379310347,0.0,0.0,0.0,0.0,0.016563601931856985,0.2148319670375512,0.015946053607939284,0.10011892187403827,0.016560663974925276,0.13292724563476752,0.0967120529717354,0.06177804114486367,0.09653765122469349,AE BHJ C D FI G,4,69,,,,,,,,,,6,A B C D E F G H I J,AE B C D F G H I J,AE B C D F G HJ I,AE BHJ C D F G I,AE BHIJ C D F G,AE BHJ C D FI G
34,3.155606985092163,True,114,2,0,5.307017543859649,11.0,9.0,6.722222222222222,4.590909090909091,2.5,0.0,0.0,0.0,0.057100334555601144,0.09918482372633061,0.14195654747098074,0.019354091399924743,0.06562319464121044,0.1399147249985209,0.14141162036708935,0.11255163495477187,0.07439112862975324,AE BHJ C DI F G,4,92,AE BHJ CD FI G,5,112,,,,,,,5,A B C D E F G H I J,A B C D E F G HJ I,A BHJ C D E F G I,A BHJ C DI E F G,AE BHJ C DI F G
35,3.434788942337036,True,118,1,0,4.822033898305085,10.0,8.4,6.375,4.395348837209302,2.64,2.0,0.0,0.0,0.01596513841360458,0.12294359964981966,0.18621841197364658,0.045407225302545255,0.07746512487431902,0.1600996582177848,0.05489755630378349,0.03128510696072968,0.07073252511281633,AE BHJ CD FI G,5,111,,,,,,,,,,7,A B C D E F G H I J,AE B C D F G H I J,AE B CD F G H I J,AE B CD F G HJ I,AE BHJ CD F G I,AE BHIJ CD F G,AE BHJ CD FI G
36,2.306412935256958,True,74,2,0,4.95945945945946,10.0,8.1,5.821428571428571,3.740740740740741,0.0,0.0,0.0,0.0,0.111731416969509,0.007631080628562453,0.08679820280460777,0.14724548071019133,0.045010623718817304,0.13525482373903447,0.0877539277766421,0.14024809038405975,0.07058980073660567,AE BIJ C D F G H,3,58,AE BDI C F G HJ,4,69,,,,,,,5,A B C D E F G H I J,AE B C D F G H I J,AE BI C D F G H J,AE BDI C F G H J,AE BDI C F G HJ
37,2.4249019622802734,True,74,3,0,4.445945945945946,9.0,7.333333333333333,5.304347826086956,3.6956521739130435,2.8181818181818183,2.6,0.0,0.0,0.12990869303143004,0.021464208778376737,0.12578084017238336,0.12849251053039043,0.012204372265408938,0.059494316663732734,0.08336604623404578,0.14510569814037036,0.12218272422341293,AE BIJ C D F G H,3,41,AE BDI C F G HJ,4,57,AE BFIJ C D G H,6,72,,,,5,A B C D E F G H I J,AE B C D F G H I J,AE BI C D F G H J,AE BDI C F G H J,AE BDI C F G HJ
38,3.1547207832336426,True,114,1,0,5.307017543859649,11.0,9.0,6.722222222222222,4.590909090909091,2.5,0.0,0.0,0.0,0.013551639599676079,0.14308250404124503,0.0889129444101469,0.13724722870760386,0.10308698199984132,0.04873001869686992,0.14010476884021916,0.04976025813602487,0.12974255388237654,AE BHJ CD FI G,5,113,,,,,,,,,,6,A B C D E F G H I J,AE B C D F G H I J,AE B C D F G HJ I,AE BHJ C D F G I,AE BHJ C D FI G,AE BHJ CD FI G
39,1.9175679683685303,True,56,1,0,4.0,8.0,6.5,4.7,3.0,1.5714285714285714,0.0,0.0,0.0,0.061791490702980956,0.17435458479895807,0.015838986794566527,0.012624162722270267,0.18878821097329643,0.058840600922684984,0.09197185435833564,0.18383905748226087,0.010208288786476562,AE BHJ C D FI G,4,48,,,,,,,,,,5,A B C D E F G H I J,A B C D E FI G H J,AE B C D FI G H J,AE BH C D FI G J,AE BHJ C D FI G
40,2.4410691261291504,True,84,1,0,4.785714285714286,10.0,8.0,5.827586206896552,3.870967741935484,1.9166666666666667,0.0,0.0,0.0,0.12515612639526988,0.08529113715556104,0.03716814032454582,0.18474278353615378,0.17472000162561976,0.06647288243071027,0.04775097741174428,0.02033103736215187,0.03985679018849388,AE BHJ CD FI G,5,83,,,,,,,,,,6,A B C D E F G H I J,AE B C D F G H I J,AE BH C D F G I J,AE BHJ C D F G I,AE BHJ C D FI G,AE BHJ CD FI G
41,3.472730875015259,True,124,4,0,5.161290322580645,11.0,9.090909090909092,6.783783783783784,4.5625,2.4166666666666665,0.0,0.0,0.0,0.10611602960693184,0.09740010675846247,0.07699102020893747,0.07013773723350213,0.09320595242473291,0.05699571362676886,0.06186794575857129,0.12142021983323519,0.09965316096998605,AE BIJ CD F G H,4,97,AE BDI C F G HJ,4,100,AE BHJ CD FI G,5,121,AE BFIJ CD G H,5,123,5,A B C D E F G H I J,AE B C D F G H I J,AE BI C D F G H J,AE BIJ C D F G H,AE BIJ CD F G H
42,2.0405471324920654,True,62,2,0,4.370967741935484,9.0,7.222222222222222,5.086956521739131,3.1904761904761907,1.5714285714285714,0.0,0.0,0.0,0.12132882386435571,0.010254776202488335,0.11779796890250674,0.0391849662937819,0.15146688850343937,0.12179477799054815,0.14333967781239104,0.10757749594634837,0.030203212302637453,AE BHJ C D FI G,4,54,AE BDI C F G HJ,4,56,,,,,,,5,A B C D E F G H I J,A BH C D E F G I J,A BHJ C D E F G I,A BHJ C D E FI G,AE BHJ C D FI G
43,2.2104721069335938,True,74,3,0,4.445945945945946,9.0,7.333333333333333,5.44,3.6296296296296298,1.8181818181818181,0.0,0.0,0.0,0.17589165083509373,0.042399452735128136,0.08771601362249808,0.057622292196833166,0.1487175314602093,0.17911583414749677,0.050904447547990755,0.058904763730488606,0.004840276457179294,AE BIJ CD F G H,4,70,AE BDI C F G HJ,4,71,AE BHJ CD FI G,5,73,,,,5,A B C D E F G H I J,AE B C D F G H I J,AE BI C D F G H J,AE BDI C F G H J,AE BDI C F G HJ
44,3.32027006149292,True,118,3,0,5.194915254237288,11.0,9.0,6.75,4.5777777777777775,2.409090909090909,0.0,0.0,0.0,0.13479629851008534,0.09531462805618743,0.17393402019021936,0.07107809749074855,0.06620237249521295,0.04382030870576798,0.08490545796926305,0.056923419063055467,0.04680025875306705,AE BDI C F G HJ,4,96,AE BFIJ CD G H,5,115,AE BHJ CD FI G,5,117,,,,6,A B C D E F G H I J,AE B C D F G H I J,AE BH C D F G I J,AE BHJ C D F G I,AE BHJ C DI F G,AE BDI C F G HJ
45,2.9186289310455322,True,102,2,0,4.931372549019608,10.0,8.3,6.258064516129032,4.315789473684211,2.526315789473684,0.0,0.0,0.0,0.015038748195033268,0.11609039258337586,0.13427816776367027,0.10471646929851627,0.11182598752169276,0.14090635701142687,0.05283690944674734,0.10895947115771278,0.07102034227928634,AE BDI C F G HJ,4,98,AE BHJ CD FI G,5,99,,,,,,,7,A B C D E F G H I J,AE B C D F G H I J,AE B C D FI G H J,AE B C D FIJ G H,AE B CD FIJ G H,AE BH CD FIJ G,AE BHJ CD FI G
46,3.1587560176849365,True,112,1,0,5.196428571428571,10.0,8.2,6.166666666666667,4.486486486486487,3.875,4.555555555555555,0.0,0.0,0.07922863938033035,0.10716043528660142,0.09326639795188649,0.15680261329448925,0.003680962242216708,0.1508317763286886,0.1400740333498064,0.036355773826254004,0.05604678648683059,AE BHJ CD FI G,5,102,,,,,,,,,,6,A B C D E F G H I J,AE B C D F G H I J,AE BH C D F G I J,AE BHJ C D F G I,AE BHJ CD F G I,AE BHJ CD FI G
47,3.1671910285949707,True,114,2,0,5.307017543859649,11.0,9.0,6.722222222222222,4.590909090909091,2.5,0.0,0.0,0.0,0.06218319291918087,0.15092492607271923,0.03750413320544485,0.10752949619818039,0.08324574656726991,0.12929566472150253,0.0725665162153501,0.08772461631959431,0.11355632485985763,AE BIJ CD F G H,4,109,AE BHJ CD FI G,5,112,,,,,,,6,A B C D E F G H I J,AE B C D F G H I J,AE B C D F G HJ I,AE BHJ C D F G I,AE BHJ C D FI G,AE BHJ CD FI G
48,2.405427932739258,True,76,3,0,4.868421052631579,10.0,8.1,5.857142857142857,3.6785714285714284,0.0,0.0,0.0,0.0,0.09007820241211481,0.004606503981660835,0.07420065078675346,0.13713296675855474,0.15311284967447245,0.10291806363705536,0.001520549275121977,0.15466715200305564,0.08835407016791073,AE BD C FIJ G H,4,68,AE BHJ C D FI G,4,69,AE BHIJ C D F G,4,75,,,,5,A B C D E F G H I J,AE B C D F G H I J,AE B C D FI G H J,AE B C D FIJ G H,AE BD C FIJ G H
49,3.35188889503479,True,116,1,0,4.879310344827586,10.0,8.4,6.393939393939394,4.431818181818182,2.5833333333333335,0.0,0.0,0.0,0.06725203861147683,0.12473990000724663,0.09820546610996968,0.15479966480324076,0.13717649095695628,0.09671413333648564,0.049991971740990945,0.014037623359337805,0.10151802291915367,AE BHJ CD FI G,5,114,,,,,,,,,,6,A B C D E F G H I J,AE B C D F G H I J,AE B C D F G HJ I,AE BHJ C D F G I,AE BHJ CD F G I,AE BHJ CD FI G
50,2.3769149780273438,True,82,1,0,4.402439024390244,9.0,7.222222222222222,5.461538461538462,3.8,2.142857142857143,0.0,0.0,0.0,0.004348591557268406,0.07323415101929621,0.0801324110531377,0.17184255820487687,0.1569959980937338,0.13919501966761,0.02204039301367868,0.0004243596880699567,0.14906541522676722,AE BH CD FIJ G,5,81,,,,,,,,,,6,A B C D E F G H I J,AE B C D F G H I J,AE B C D FJ G H I,AE B C D FIJ G H,AE B CD FIJ G H,AE BH CD FIJ G
51,3.1563990116119385,True,114,2,0,5.307017543859649,11.0,9.0,6.722222222222222,4.590909090909091,2.5,0.0,0.0,0.0,0.14419417409572277,0.05247099133485084,0.04082640514910335,0.10525928463316846,0.10404229703013013,0.0856754018515358,0.09900796391206539,0.07398091105203863,0.053735954325942754,AE BIJ CD F G H,4,95,AE BHJ CD FI G,5,112,,,,,,,6,A B C D E F G H I J,AE B C D F G H I J,AE BH C D F G I J,AE BHJ C D F G I,AE BHJ C D FI G,AE BHJ CD FI G
52,3.4707629680633545,True,124,3,0,5.241935483870968,11.0,9.090909090909092,6.837837837837838,4.666666666666667,2.5416666666666665,0.0,0.0,0.0,0.08025023623067021,0.0276472845726583,0.13580718825422128,0.16218931303506284,0.06055942697279433,0.12410556962813987,0.0896202903383223,0.11085145800540638,0.019642741654539265,AE BDI C F G HJ,4,100,AE BHJ CD FI G,5,121,AE BHIJ CD F G,5,123,,,,5,A B C D E F G H I J,AE B C D F G H I J,AE B C DI F G H J,AE BDI C F G H J,AE BDI C F G HJ
53,3.5203490257263184,True,126,1,0,5.182539682539683,11.0,9.090909090909092,6.783783783783784,4.625,2.6,0.0,0.0,0.0,0.06392656238257377,0.06944007385458374,0.04672832910909318,0.11112622691633213,0.18309641904786342,0.050851621011554944,0.054436780640785706,0.1156149907898897,0.10162352886589157,AE BHJ CD FI G,5,124,,,,,,,,,,7,A B C D E F G H I J,AE B C D F G H I J,AE B C D FI G H J,AE B C D FIJ G H,AE BH C D FIJ G,AE BH CD FIJ G,AE BHJ CD FI G
54,3.650501012802124,True,124,1,24,5.0,10.0,8.2,6.166666666666667,4.351351351351352,3.260869565217391,4.545454545454546,5.714285714285714,4.0,0.030277910741113658,0.0735304911101522,0.1882011877877814,0.018709764371999688,0.025362996685128605,0.07082438766772427,0.0858672719502361,0.05028345904986159,0.21392622828492294,AE BHJ CD FI G,5,101,,,,,,,,,,7,A B C D E F G H I J,A B C D E F G HJ I,AE B C D F G HJ I,AE BHJ C D F G I,AE BHIJ C D F G,AE BHIJ CD F G,AE BHJ CD FI G
55,2.2130138874053955,True,74,3,0,4.445945945945946,9.0,7.333333333333333,5.44,3.6296296296296298,1.8181818181818181,0.0,0.0,0.0,0.1670920331647222,0.06552333503081152,0.05972663973785919,0.05008913898242821,0.07428476711655743,0.15662777748405177,0.023474457438591875,0.17723066325028713,0.006470436645802927,AE BDI C F G HJ,4,62,AE BIJ CD F G H,4,70,AE BHJ CD FI G,5,73,,,,5,A B C D E F G H I J,A BI C D E F G H J,AE BI C D F G H J,AE BDI C F G H J,AE BDI C F G HJ
56,3.520982027053833,True,126,4,0,5.150793650793651,11.0,9.090909090909092,6.783783783783784,4.604166666666667,2.52,0.0,0.0,0.0,0.06047803346233374,0.1334207799986029,0.1604613661792555,0.13347041067693938,0.031675310035714936,0.15403435117392034,0.017605800693322567,0.03424916445424276,0.0673201521028654,AE BDI C FJ G H,4,107,AE BIJ CD F G H,4,117,AE BHJ CD FI G,5,122,AE BFIJ CD G H,5,125,6,A B C D E F G H I J,AE B C D F G H I J,AE B CD F G H I J,AE BJ CD F G H I,AE BHJ CD F G I,AE BHJ CD FI G
57,2.6919219493865967,True,94,3,0,4.776595744680851,10.0,8.1,5.967741935483871,3.9722222222222223,2.0,0.0,0.0,0.0,0.10496055957664015,0.093224999337291,0.09133952354579405,0.014715376402757845,0.01832408887530393,0.17804884558856054,0.07073337888283279,0.18634398932675963,0.0074953312585374346,AE BIJ CD F G H,4,90,AE BDI C F G HJ,4,92,AE BHJ CD FI G,5,93,,,,5,A B C D E F G H I J,A BI C D E F G H J,A BDI C E F G H J,AE BDI C F G H J,AE BDI C F G HJ
58,2.2019050121307373,True,68,1,0,4.588235294117647,9.0,7.333333333333333,5.304347826086956,3.652173913043478,2.6,0.0,0.0,0.0,0.01200774318751383,0.06625327200842852,0.0012616102356270242,0.05128973030587698,0.13229526064446304,0.13776218298764786,0.03911487303187047,0.12259990956129167,0.21454228280777804,AE BH C D FIJ G,4,62,,,,,,,,,,5,A B C D E F G H I J,AE B C D F G H I J,AE B C D FI G H J,AE B C D FIJ G H,AE BH C D FIJ G
59,3.0225088596343994,True,106,1,0,4.990566037735849,10.0,8.3,6.290322580645161,4.435897435897436,2.857142857142857,0.0,0.0,0.0,0.006513412730284583,0.04545532078617702,0.08579666935327979,0.13142393204145966,0.16471705932391228,0.12146164341631853,0.03271253053431052,0.11207383123967467,0.10130917046711821,AE BH CD FIJ G,5,103,,,,,,,,,,6,A B C D E F G H I J,AE B C D F G H I J,AE B C D FI G H J,AE B C D FIJ G H,AE B CD FIJ G H,AE BH CD FIJ G
60,3.1635019779205322,True,114,1,0,5.307017543859649,11.0,9.0,6.722222222222222,4.590909090909091,2.5,0.0,0.0,0.0,0.11802414212591997,0.15137504280221437,0.05231012918970186,0.06407766662293264,0.15053499697601644,0.005209231617467367,0.14695191378631367,0.09067823558648427,0.05930003752327632,AE BHJ CD FI G,5,113,,,,,,,,,,6,A B C D E F G H I J,A BH C D E F G I J,A BHJ C D E F G I,AE BHJ C D F G I,AE BHJ C D FI G,AE BHJ CD FI G
61,3.160997152328491,True,114,2,0,5.307017543859649,11.0,9.0,6.722222222222222,4.590909090909091,2.5,0.0,0.0,0.0,0.13909226493569934,0.11073366932016986,0.1891867900302614,0.09246218358007255,0.04053034894098027,0.05684803480735363,0.07541600853636911,0.01568286566046937,0.08789602517168348,AE BIJ CD F G H,4,92,AE BHJ CD FI G,5,113,,,,,,,6,A B C D E F G H I J,AE B C D F G H I J,AE BH C D F G I J,AE BHJ C D F G I,AE BHJ CD F G I,AE BHJ CD FI G
62,2.976245164871216,True,104,1,0,4.884615384615385,10.0,8.2,6.161290322580645,4.2631578947368425,2.5789473684210527,2.5,0.0,0.0,0.018934124608401808,0.15056137532868166,0.1615490797606875,0.13224544152891732,0.1087453158622719,0.11186669490045276,0.08984468193178129,0.009376619161333961,0.0433716354527403,AE BHJ CD FI G,5,100,,,,,,,,,,6,A B C D E F G H I J,AE B C D F G H I J,AE B CD F G H I J,AE B CD F G HJ I,AE BHJ CD F G I,AE BHJ CD FI G
63,3.482239007949829,True,124,3,0,5.193548387096774,11.0,9.090909090909092,6.8108108108108105,4.604166666666667,2.4583333333333335,0.0,0.0,0.0,0.12958983102221708,0.1260436742490385,0.10159987409312261,0.06089171865860074,0.13894797232568792,0.01222438610730755,0.06307707344227617,0.07593299587838076,0.1436198690241759,AE BIJ CD F G H,4,113,AE BHJ CD FI G,5,122,AE BHIJ CD F G,5,123,,,,6,A B C D E F G H I J,AE B C D F G H I J,AE BJ C D F G H I,AE BHJ C D F G I,AE BHJ C D FI G,AE BHJ CD FI G
64,2.8657329082489014,True,94,1,0,5.159574468085107,11.0,8.727272727272727,6.205882352941177,4.027777777777778,0.0,0.0,0.0,0.0,0.12623915565388272,0.003363515361962532,0.018407207115135184,0.11448842642303363,0.12645120158227843,0.1719460164297976,0.17743798686618098,0.04447614601662114,0.03853452515885188,AE BHJ C D FI G,4,88,,,,,,,,,,5,A B C D E F G H I J,AE B C D F G H I J,AE BH C D F G I J,AE BHJ C D F G I,AE BHJ C D FI G
65,2.414022922515869,True,72,1,12,4.305555555555555,9.0,7.333333333333333,5.25,3.28,1.7,3.5,0.0,0.0,0.1559960968116981,0.1289911329657622,0.01196117711488604,0.04710121495621078,0.12756169280842033,0.11508460627621044,0.14602343666237488,0.027427851657021097,0.057707595899870505,AE BHJ C D FI G,4,64,,,,,,,,,,5,A B C D E F G H I J,A BH C D E F G I J,A BHJ C D E F G I,AE BHJ C D F G I,AE BHJ C D FI G
66,3.8116981983184814,True,136,3,0,5.147058823529412,11.0,9.181818181818182,6.894736842105263,4.711538461538462,2.6551724137931036,0.0,0.0,0.0,0.13091039515066588,0.1454164868424768,0.10789246272311871,0.031533682683127826,0.11340783176069476,0.052655413010672496,0.12305298410995094,0.0299062841389649,0.11405220792448938,AE BIJ CD F G H,4,112,AE BHJ CD FI G,5,131,AE BFIJ CD G H,5,133,,,,7,A B C D E F G H I J,A BH C D E F G I J,A BHJ C D E F G I,AE BHJ C D F G I,AE BHJ CD F G I,AE BHIJ CD F G,AE BHJ CD FI G
67,3.8462891578674316,True,142,1,0,5.5,12.0,9.666666666666666,7.166666666666667,4.909090909090909,2.7857142857142856,0.0,0.0,0.0,0.0503359754842464,0.1126776216515983,0.045770454211477046,0.09603571659381485,0.04841154790124327,0.13704782788633574,0.17164931996817823,0.029853345940427267,0.13492995501613744,AE BHJ CD FI G,5,141,,,,,,,,,,6,A B C D E F G H I J,AE B C D F G H I J,AE B C D F G HJ I,AE BHJ C D F G I,AE BHJ C D FI G,AE BHJ CD FI G
68,3.168519973754883,True,114,2,0,5.307017543859649,11.0,9.0,6.722222222222222,4.590909090909091,2.5,0.0,0.0,0.0,0.006237851449652202,0.1527499020081129,0.032917087682004104,0.10471176763849484,0.08976843556915408,0.03846077185981403,0.02888785339670705,0.1467265813589683,0.1848136162994739,AE BIJ CD F G H,4,97,AE BH CD FIJ G,5,112,,,,,,,6,A B C D E F G H I J,AE B C D F G H I J,AE B C D FI G H J,AE B C D FIJ G H,AE B CD FIJ G H,AE BH CD FIJ G
69,3.7747490406036377,True,134,4,0,5.022388059701493,11.0,9.181818181818182,6.842105263157895,4.519230769230769,2.3214285714285716,0.0,0.0,0.0,0.08553041557322924,0.13498717098663873,0.053290185824470475,0.024663869934646657,0.09406998467722988,0.03889682344750175,0.06349172827272313,0.08544688293167844,0.20029882656842152,AE BIJ CD F G H,4,107,AE BFIJ CD G H,5,130,AE BHJ CD FI G,5,131,AE BHIJ CD F G,5,133,6,A B C D E F G H I J,AE B C D F G H I J,AE B C D F G HJ I,AE BHJ C D F G I,AE BHJ C D FI G,AE BHJ CD FI G
70,1.5997600555419922,True,48,2,0,4.125,8.0,6.5,4.631578947368421,2.875,0.0,0.0,0.0,0.0,0.10778421440155593,0.010129833073458914,0.15351054233898306,0.06727980910742476,0.17338458872060208,0.12085164520492203,0.07629646240224731,0.1093055914102943,0.006672652391837976,AE BHJ C D FI G,4,45,AE BDI C F G HJ,4,47,,,,,,,5,A B C D E F G H I J,AE B C D F G H I J,AE B C D FI G H J,AE BH C D FI G J,AE BHJ C D FI G
71,2.07159686088562,True,70,1,0,4.385714285714286,9.0,7.111111111111111,5.291666666666667,3.56,1.8,0.0,0.0,0.0,0.00792655090752352,0.011326938402758837,0.050177865879537445,0.1458648327282535,0.13792344187381309,0.11148930514949439,0.18229528744890167,0.15517694725506945,0.008451400857050833,AE BHJ CD FI G,5,69,,,,,,,,,,6,A B C D E F G H I J,AE B C D F G H I J,AE B C D FI G H J,AE B C D FI G HJ,AE BHJ C D FI G,AE BHJ CD FI G
72,2.6403861045837402,True,94,1,32,4.797872340425532,10.0,8.0,5.966666666666667,4.114285714285714,2.3125,0.0,0.0,0.0,0.008586118674443564,0.17350151464057403,0.21283795014398532,0.09260503312543056,0.0834236688628551,0.08604365353356105,0.08516115076039706,0.014022737139277871,0.02804068852107653,AE BHJ CD FI G,5,92,,,,,,,,,,6,A B C D E F G H I J,AE B C D F G H I J,AE B CD F G H I J,AE B CD F G HJ I,AE BHJ CD F G I,AE BHJ CD FI G
73,3.1285080909729004,True,106,2,0,4.877358490566038,10.0,8.2,6.129032258064516,4.315789473684211,2.85,2.4,0.0,0.0,0.11335234051913598,0.06702417997456829,0.11816872866718,0.08222938284743278,0.08727921371514727,0.1397227013616637,0.11818541363201011,0.11907533352455718,0.013070786267528323,AE BDI C F G HJ,4,93,AE BHJ CD FI G,5,100,,,,,,,6,A B C D E F G H I J,AE B C D F G H I J,AE BH C D F G I J,AE BH C D FI G J,AE BHJ C D FI G,AE BHJ CD FI G
74,2.876023054122925,True,98,1,0,4.704081632653061,10.0,8.1,5.966666666666667,4.0285714285714285,2.2941176470588234,2.0,0.0,0.0,0.025230166853389618,0.07692323653544472,0.15850905485766267,0.09528166098681883,0.11893364692550969,0.025125068492157232,0.16593883097745582,0.07322938045366145,0.02092512397034684,AE BHJ CD FI G,5,93,,,,,,,,,,6,A B C D E F G H I J,AE B C D F G H I J,AE B C D FI G H J,AE BH C D FI G J,AE BHJ C D FI G,AE BHJ CD FI G
75,3.16298508644104,True,114,3,0,5.307017543859649,11.0,9.0,6.722222222222222,4.590909090909091,2.5,0.0,0.0,0.0,0.09622573303428823,0.055788383804630526,0.12862831988593657,0.14193813016534534,0.059854776486157606,0.08041574907211259,0.031987679797123456,0.13972093250242007,0.12099631512993367,AE BIJ CD F G H,4,103,AE BDI C FJ G H,4,104,AE BHJ CD FI G,5,112,,,,6,A B C D E F G H I J,AE B C D F G H I J,AE BI C D F G H J,AE BDI C F G H J,AE BDI C F G HJ,AE BDI C FJ G H
76,3.157027006149292,True,114,1,0,5.307017543859649,11.0,9.0,6.722222222222222,4.590909090909091,2.5,0.0,0.0,0.0,0.06873903341179179,0.1447094929724816,0.09494205328167095,0.1459559012590177,0.10362769596053578,0.057447392617048995,0.142147640405366,0.01983863730119044,0.06776105953756391,AE BHJ CD FI G,5,112,,,,,,,,,,6,A B C D E F G H I J,AE B C D F G H I J,AE BH C D F G I J,AE BHJ C D F G I,AE BHJ CD F G I,AE BHJ CD FI G
77,3.744521141052246,True,134,1,0,5.335820895522388,11.0,9.090909090909092,6.864864864864865,4.816326530612245,3.2142857142857144,3.0,0.0,0.0,0.02455021864960205,0.13689444658331482,0.07976339371503852,0.16443909518150088,0.12289318194658805,0.014290383849077385,0.1004153378127653,0.05561384966447509,0.11533727201872089,AE BHJ CD FI G,5,127,,,,,,,,,,6,A B C D E F G H I J,AE B C D F G H I J,AE B C D F G HJ I,AE BHJ C D F G I,AE BHJ C D FI G,AE BHJ CD FI G
78,3.1512489318847656,True,114,1,0,5.307017543859649,11.0,9.0,6.722222222222222,4.590909090909091,2.5,0.0,0.0,0.0,0.024527410306168028,0.04307370753515942,0.11881419552482544,0.019608601134358306,0.1318167476216972,0.13699359543923553,0.08019842473999685,0.13159677747747062,0.15383504897463096,AE BH CD FIJ G,5,112,,,,,,,,,,6,A B C D E F G H I J,A B C D E FI G H J,A B C D E FIJ G H,AE B C D FIJ G H,AE BH C D FIJ G,AE BH CD FIJ G
79,2.865863084793091,True,90,4,22,4.9222222222222225,10.0,8.2,6.0344827586206895,4.03030303030303,2.466666666666667,0.0,0.0,0.0,0.21775800292336644,0.0031794327399509666,0.03498921031511428,0.02039331876179012,0.1744628264482839,0.14862380297248948,0.012485980308066268,0.02777320978331686,0.1074425176673855,AE BD C FIJ G H,4,77,AE BHIJ C D F G,4,82,AE BHJ C D FI G,4,84,AE BFIJ C D G H,4,85,5,A B C D E F G H I J,AE B C D F G H I J,AE BJ C D F G H I,AE BHJ C D F G I,AE BHJ C D FI G
80,3.4727060794830322,True,124,1,0,5.258064516129032,11.0,9.090909090909092,6.837837837837838,4.666666666666667,2.5833333333333335,0.0,0.0,0.0,0.06802423344509903,0.04878218427268395,0.08071794955049365,0.0551497307969177,0.12788633069610547,0.11920847041283453,0.15657980202124194,0.12187739742706917,0.061420249300621704,AE BHJ CD FI G,5,121,,,,,,,,,,6,A B C D E F G H I J,A B C D E FI G H J,AE B C D FI G H J,AE BH C D FI G J,AE BHJ C D FI G,AE BHJ CD FI G
81,3.1288468837738037,True,106,2,0,4.80188679245283,10.0,8.3,6.258064516129032,4.282051282051282,2.4285714285714284,0.0,0.0,0.0,0.09406366002037378,0.05099313839907735,0.058741850361823535,0.08233968607170654,0.11368749814681543,0.12104240796812539,0.1327331159927911,0.11680840045142148,0.026214328782770906,AE BDI C F G HJ,4,94,AE BHJ CD FI G,5,102,,,,,,,6,A B C D E F G H I J,AE B C D F G H I J,AE B C D FI G H J,AE BH C D FI G J,AE BHJ C D FI G,AE BHJ CD FI G
82,3.1630589962005615,True,114,1,0,5.307017543859649,11.0,9.0,6.722222222222222,4.590909090909091,2.5,0.0,0.0,0.0,0.0559826719537254,0.08893243529544181,0.017845813714384092,0.09679292718656479,0.15358245575431848,0.008981168927836887,0.17782831050209116,0.0550423019783417,0.16297524699190044,AE BHJ CD FI G,5,113,,,,,,,,,,6,A B C D E F G H I J,A B C D E F G HJ I,A BHJ C D E F G I,AE BHJ C D F G I,AE BHJ C D FI G,AE BHJ CD FI G
83,3.162874937057495,True,114,2,0,5.307017543859649,11.0,9.0,6.722222222222222,4.590909090909091,2.5,0.0,0.0,0.0,0.12852560129810478,0.1166890022257056,0.1607256321815091,0.12540955740896756,0.026234670829425228,0.05547749683994553,0.09724326197779083,0.05515343758828291,0.07289040157652756,AE BIJ CD F G H,4,108,AE BHJ CD FI G,5,113,,,,,,,6,A B C D E F G H I J,AE B C D F G H I J,AE BH C D F G I J,AE BHJ C D F G I,AE BHJ CD F G I,AE BHJ CD FI G
84,3.7516791820526123,True,136,4,0,5.161764705882353,11.0,9.090909090909092,6.864864864864865,4.755102040816326,2.888888888888889,2.2857142857142856,2.6666666666666665,0.0,0.15021570130289738,0.06827494711920025,0.0970564325485794,0.13669192051232706,0.12148438946928666,0.04569377050991341,0.04037803535194759,0.05160075884027898,0.1107390531777063,AE BIJ CD F G H,4,101,AE BDI C FJ G H,4,105,AE BHJ CD FI G,5,125,AE BHIJ CD F G,5,127,6,A B C D E F G H I J,AE B C D F G H I J,AE BJ C D F G H I,AE BHJ C D F G I,AE BHJ C D FI G,AE BHJ CD FI G
85,3.837225914001465,True,138,2,0,5.1521739130434785,11.0,9.181818181818182,6.921052631578948,4.769230769230769,2.7333333333333334,0.0,0.0,0.0,0.03604408243621651,0.12572459070870598,0.12133236265213748,0.06522538273588153,0.11258206891021119,0.110091978382455,0.07103495134320145,0.10760201114579948,0.11590141811760231,AE BFIJ CD G H,5,135,AE BHJ CD FI G,5,136,,,,,,,7,A B C D E F G H I J,AE B C D F G H I J,AE B C D FI G H J,AE B C D FIJ G H,AE B CD FIJ G H,AE BH CD FIJ G,AE BHJ CD FI G
86,3.836191177368164,True,138,2,0,5.1231884057971016,11.0,9.181818181818182,6.894736842105263,4.730769230769231,2.7,0.0,0.0,0.0,0.09105066726686442,0.14210124935930707,0.11452731216908049,0.06566793705098119,0.029283314986799473,0.12445630396051464,0.1470659942890073,0.08514830348050591,0.04445652208546722,AE BHJ C DI F G,4,105,AE BHJ CD FI G,5,134,,,,,,,7,A B C D E F G H I J,AE B C D F G H I J,AE BH C D F G I J,AE BHJ C D F G I,AE BHIJ C D F G,AE BHIJ CD F G,AE BHJ CD FI G
87,2.446258068084717,True,82,3,0,4.5,9.0,7.555555555555555,5.653846153846154,3.8333333333333335,2.0714285714285716,0.0,0.0,0.0,0.02037795050174065,0.07761566031787284,0.15541037053407783,0.02850395042485023,0.03821508544660931,0.06434299360563775,0.03703989619322987,0.11776162339491662,0.19205092454925557,AE BDI C F G HJ,4,67,AE BIJ CD F G H,4,76,AE BH CD FIJ G,5,81,,,,5,A B C D E F G H I J,AE B C D F G H I J,AE B C DI F G H J,AE B C DI F G HJ,AE BDI C F G HJ
88,2.310886859893799,True,74,2,0,4.95945945945946,10.0,8.1,5.821428571428571,3.740740740740741,0.0,0.0,0.0,0.0,0.18257980169763474,0.0044451909889034295,0.13839002107052323,0.028285962777342674,0.08841294581171762,0.1088865041398589,0.08105589582746153,0.05391839526473153,0.12913686837138919,AE BIJ C D F G H,3,53,AE BHJ C DI F G,4,71,,,,,,,5,A B C D E F G H I J,A BJ C D E F G H I,A BHJ C D E F G I,AE BHJ C D F G I,AE BHJ C DI F G
89,2.2098610401153564,True,74,2,0,4.445945945945946,9.0,7.333333333333333,5.44,3.6296296296296298,1.8181818181818181,0.0,0.0,0.0,0.06789499064138596,0.09414347555587099,0.18902377686550983,0.002856822663712214,0.1045466138283381,0.13225061449965653,0.0419243093868286,0.16386514362574534,0.013417975467681531,AE BDI C F G HJ,4,71,AE BHJ CD FI G,5,73,,,,,,,5,A B C D E F G H I J,A B C DI E F G H J,A BDI C E F G H J,AE BDI C F G H J,AE BDI C F G HJ
90,3.9563519954681396,True,148,3,0,5.527027027027027,12.0,9.75,7.255813953488372,4.982758620689655,2.8333333333333335,0.0,0.0,0.0,0.05880722189950845,0.13034456472700975,0.11845466120113962,0.0944806169680598,0.06045968326130197,0.19860413276166697,0.03729550107068399,0.014221976104785664,0.05098867450349981,AE BIJ CD F G H,4,116,AE BHJ CD FI G,5,144,AE BFIJ CD G H,5,146,,,,6,A B C D E F G H I J,AE B C D F G H I J,AE B CD F G H I J,AE BH CD F G I J,AE BHJ CD F G I,AE BHJ CD FI G
91,1.5950849056243896,True,48,2,0,4.125,8.0,6.5,4.631578947368421,2.875,0.0,0.0,0.0,0.0,0.09155960755656711,0.007675461181813481,0.23039554451563404,0.05238115648743946,0.034799939975761654,0.13202325438637072,0.009382538118260331,0.008509856107528345,0.16630030718722685,AE BIJ C D F G H,3,37,AE BHJ C DI F G,4,46,,,,,,,5,A B C D E F G H I J,AE B C D F G H I J,AE BJ C D F G H I,AE BHJ C D F G I,AE BHJ C DI F G
92,2.607861042022705,True,78,3,0,4.32051282051282,9.0,7.444444444444445,5.291666666666667,3.375,2.2,3.75,3.3333333333333335,2.5,0.12028849624915415,0.15368423880672352,0.0013127295105413205,0.1304188235300565,0.09121336591249583,0.10149285684378659,0.008666019227655706,0.12522673002677231,0.11384401312742828,AE BIJ C D F G H,3,36,AE BHJ C D FI G,4,59,AE BHIJ C D F G,4,63,,,,4,A B C D E F G H I J,AE B C D F G H I J,AE BI C D F G H J,AE BIJ C D F G H
93,3.5186409950256348,True,126,1,0,5.214285714285714,11.0,9.090909090909092,6.8108108108108105,4.666666666666667,2.64,0.0,0.0,0.0,0.10379838702896445,0.12259646772659652,0.04341406073706831,0.09805251601028597,0.13376711729846802,0.07725296209684876,0.12847555631771726,0.0669585758671607,0.08398148020048367,AE BHJ CD FI G,5,122,,,,,,,,,,6,A B C D E F G H I J,AE B C D F G H I J,AE BH C D F G I J,AE BHJ C D F G I,AE BHJ C D FI G,AE BHJ CD FI G
94,3.3182268142700195,True,118,1,0,5.245762711864407,11.0,9.0,6.75,4.622222222222222,2.5454545454545454,0.0,0.0,0.0,0.11506186922150954,0.018024493382646153,0.03335355985240333,0.154536788364801,0.056884982592158205,0.13428196387178576,0.13100815372240246,0.03546511304442027,0.14019042975864193,AE BHJ CD FI G,5,116,,,,,,,,,,7,A B C D E F G H I J,AE B C D F G H I J,AE B C D F G HJ I,AE BHJ C D F G I,AE BHIJ C D F G,AE BHIJ CD F G,AE BHJ CD FI G
95,2.9947011470794678,True,104,1,0,4.923076923076923,10.0,8.3,6.28125,4.3,2.3684210526315788,0.0,0.0,0.0,0.06091839120778006,0.15529255696526145,0.08969781249606129,0.11984287337562641,0.09477413169190076,0.07611841798064439,0.09794814938591923,0.015083696776326273,0.1337411176071865,AE BHJ CD FI G,5,103,,,,,,,,,,6,A B C D E F G H I J,AE B C D F G H I J,AE B C D F G HJ I,AE BHJ C D F G I,AE BHJ CD F G I,AE BHJ CD FI G
96,2.8181087970733643,True,96,3,0,4.8125,10.0,8.2,6.1,4.142857142857143,2.2941176470588234,0.0,0.0,0.0,0.07672715564904954,0.17250715608624498,0.05063845055705612,0.032720006647248605,0.03299493384539343,0.13782332304121145,0.03803406090441301,0.13370325896623117,0.14895619673147947,AE BIJ CD F G H,4,81,AE BDI C F G HJ,4,82,AE BHJ CD FI G,5,93,,,,5,A B C D E F G H I J,AE B C D F G H I J,AE BI C D F G H J,AE BIJ C D F G H,AE BIJ CD F G H
97,2.400865077972412,True,76,2,0,4.868421052631579,10.0,8.1,5.857142857142857,3.6785714285714284,0.0,0.0,0.0,0.0,0.06369399144836592,0.006962695804878273,0.12461571118254623,0.17679971399394878,0.07208783128366987,0.04565486045569835,0.023512703172581174,0.19045367051332268,0.1030301342835575,AE BDI C FJ G H,4,70,AE BHIJ C D F G,4,71,,,,,,,6,A B C D E F G H I J,AE B C D F G H I J,AE B C DI F G H J,AE BDI C F G H J,AE BDI C F G HJ,AE BDI C FJ G H
98,3.348104953765869,True,116,2,0,4.913793103448276,10.0,8.4,6.424242424242424,4.4772727272727275,2.625,0.0,0.0,0.0,0.07491596569241399,0.11887648156710173,0.1451313452613653,0.1361158418904816,0.11667235320566066,0.013756621374483755,0.06490796390221613,0.02089609620873418,0.143719742050953,AE BIJ CD F G H,4,100,AE BHJ CD FI G,5,114,,,,,,,6,A B C D E F G H I J,AE B C D F G H I J,AE B C D F G HJ I,AE BHJ C D F G I,AE BHJ CD F G I,AE BHJ CD FI G
99,2.522249937057495,True,80,2,0,4.9,10.0,8.2,5.931034482758621,3.7666666666666666,0.0,0.0,0.0,0.0,0.02675070486716138,0.14749740166083605,0.018010585632745133,0.06033320401588673,0.1589638864725359,0.06857572237301776,0.04353778936963051,0.0788502656063024,0.15381851301164928,AE BH C D FIJ G,4,74,AE BFIJ C D G H,4,77,,,,,,,5,A B C D E F G H I J,AE B C D F G H I J,AE B C D FI G H J,AE B C D FIJ G H,AE BH C D FIJ G
