Run,Time,Completed,Visited,Terminal,Loops,Branching Factor,Branching @ 0,Branching @ 1,Branching @ 2,Branching @ 3,Branching @ 4,Branching @ 5,Branching @ 6,Branching @ 7,Branching @ 8,Branching @ 9,Branching @ 10,Branching @ 11,Branching @ 12,Branching @ 13,Branching @ 14,Branching @ 15,Branching @ 16,Branching @ 17,Branching @ 18,Branching @ 19,Branching @ 20,Branching @ 21,Branching @ 22,Branching @ 23,Branching @ 24,Branching @ 25,Branching @ 26,Branching @ 27,Branching @ 28,Branching @ 29,Branching @ 30,Branching @ 31,Branching @ 32,Branching @ 33,Branching @ 34,Branching @ 35,Branching @ 36,Branching @ 37,Branching @ 38,Branching @ 39,Branching @ 40,Branching @ 41,Branching @ 42,Branching @ 43,Branching @ 44,Branching @ 45,Branching @ 46,Branching @ 47,Branching @ 48,Branching @ 49,A Power,B Power,C Power,D Power,E Power,F Power,G Power,H Power,I Power,J Power,A-Z Position,B-Z Position,C-Z Position,D-Z Position,E-Z Position,F-Z Position,G-Z Position,H-Z Position,I-Z Position,J-Z Position,Terminal,Depth,Step,Terminal,Depth,Step,Terminal,Depth,Step,Terminal,Depth,Step,Estimated Path Length,Estimated Path Nodes
0,124.810684919,True,4160,1,3630,12.4798076923,22.0,20.8636363636,18.063583815,14.6628477905,11.3786982249,9.2599009901,10.2628992629,12.354679803,13.9923664122,13.9338842975,12.8303571429,12.2242990654,12.6781609195,13.44,15.3389830508,16.1470588235,16.8571428571,17.3125,17.84,19.4117647059,20.9117647059,21.3913043478,21.1,20.1333333333,23.25,0.0,0.0,0.0,0.0,0.0,0.0,0.0,0.0,0.0,0.0,0.0,0.0,0.0,0.0,0.0,0.0,0.0,0.0,0.0,0.0,0.0,0.0,0.0,0.0,0.0,0.165920917482,0.086984566098,0.0792531555202,0.0819716618341,0.0514493602027,0.0243592385039,0.164180279977,0.147613424026,0.147866137593,0.0504012587628,0.0745671244898,-0.874893753503,-0.273659212667,-0.705871171868,-0.660864305584,0.928831949026,-0.478559640145,-0.388893177558,0.46259690302,-0.317481114931,AI B CDEGHJ F,6,2836,,,,,,,,,,7,A B C D E F G H I J,A B C D E F GH I J,A B CGH D E F I J,A B CGHJ D E F I,A B CDGHJ E F I,A B CDEGHJ F I,AI B CDEGHJ F
1,78.084633112,True,4385,1,355,12.7669327252,24.0,23.0,20.4509803922,17.2566371681,13.79342723,10.2074468085,6.8350305499,3.48484848485,0.0,0.0,0.0,0.0,0.0,0.0,0.0,0.0,0.0,0.0,0.0,0.0,0.0,0.0,0.0,0.0,0.0,0.0,0.0,0.0,0.0,0.0,0.0,0.0,0.0,0.0,0.0,0.0,0.0,0.0,0.0,0.0,0.0,0.0,0.0,0.0,0.0,0.0,0.0,0.0,0.0,0.0,0.0368463704642,0.0578793820323,0.172591098441,0.134754065033,0.166086215709,0.179105006444,0.045448408613,0.0582818881967,0.0227600040391,0.126247561028,-0.763392231661,-0.490674142522,0.758505552363,-0.818699016086,0.370034374445,0.593983235278,0.600714125696,0.341784472438,0.634910907203,0.484339448735,ABD CEFGHIJ,8,4384,,,,,,,,,,9,A B C D E F G H I J,A B CF D E G H I J,A B CFJ D E G H I,A B CEFJ D G H I,A B CEFGJ D H I,A B CEFGIJ D H,A B CEFGHIJ D,AD B CEFGHIJ,ABD CEFGHIJ
2,40.1558949947,True,2746,2,1027,9.37764020393,14.0,13.4285714286,12.3414634146,11.0192307692,9.77130977131,8.79657794677,8.12790697674,7.79041916168,7.95,7.80821917808,8.78333333333,9.56451612903,8.98666666667,9.11494252874,9.44871794872,10.2575757576,10.6666666667,9.82352941176,10.0185185185,10.6046511628,11.619047619,12.8888888889,14.4285714286,14.6666666667,0.0,0.0,0.0,0.0,0.0,0.0,0.0,0.0,0.0,0.0,0.0,0.0,0.0,0.0,0.0,0.0,0.0,0.0,0.0,0.0,0.0,0.0,0.0,0.0,0.0,0.0,0.0393145223961,0.0556085577738,0.0372614176297,0.113282713169,0.20148726116,0.0928456866278,0.104270631746,0.106400609692,0.101707813408,0.147820786399,-0.630714834463,-0.744112437988,0.221784667097,0.861786726823,-0.200544028158,-0.676943082844,-0.530896198811,0.59106552768,0.626059976747,0.0842423370904,ABFG CEJ DHI,7,1709,ABEFG CHIJ D,7,1713,,,,,,,8,A B C D E F G H I J,A B C D EJ F G H I,A B C D EJ F G HI,A B C DHI EJ F G,A B CEJ DHI F G,A B CEJ DHI FG,A BFG CEJ DHI,ABFG CEJ DHI
3,10.578150034,True,728,1,0,8.71978021978,15.0,14.0666666667,12.4691358025,10.4108910891,8.15040650407,5.93793103448,3.88888888889,0.0,0.0,0.0,0.0,0.0,0.0,0.0,0.0,0.0,0.0,0.0,0.0,0.0,0.0,0.0,0.0,0.0,0.0,0.0,0.0,0.0,0.0,0.0,0.0,0.0,0.0,0.0,0.0,0.0,0.0,0.0,0.0,0.0,0.0,0.0,0.0,0.0,0.0,0.0,0.0,0.0,0.0,0.0,0.0732122864908,0.125703097572,0.0690483266154,0.0130474714266,0.127010792823,0.107716028942,0.0347450859805,0.0765793902468,0.23103217183,0.141905348073,0.966516328809,-0.789349633985,0.863157224855,-0.424822954954,0.0390018929185,-0.711552769355,-0.890256603821,0.96581567786,0.821238674141,0.574646206138,ACHIJ BDFG E,7,726,,,,,,,,,,8,A B C D E F G H I J,A B CI D E F G H J,A B CIJ D E F G H,A B CHIJ D E F G,ACHIJ B D E F G,ACHIJ BF D E G,ACHIJ BFG D E,ACHIJ BDFG E
4,29.8736138344,True,2415,1,0,10.1064182195,17.0,16.1764705882,14.7207207207,12.7851239669,10.7972560976,9.01793721973,7.76902887139,7.9928057554,8.75438596491,7.52631578947,0.0,0.0,0.0,0.0,0.0,0.0,0.0,0.0,0.0,0.0,0.0,0.0,0.0,0.0,0.0,0.0,0.0,0.0,0.0,0.0,0.0,0.0,0.0,0.0,0.0,0.0,0.0,0.0,0.0,0.0,0.0,0.0,0.0,0.0,0.0,0.0,0.0,0.0,0.0,0.0,0.12116027276,0.093568548016,0.150729954148,0.136915055169,0.00663915289248,0.0158349461975,0.11476097635,0.0935261587974,0.125357437567,0.141507498102,-0.460140357574,-0.256277048054,0.66088911234,0.6487110273,-0.308476211161,0.986184479329,-0.376926589983,-0.713619702743,0.762799420512,-0.890891537328,ABEG CDFI HJ,7,2201,,,,,,,,,,9,A B C D E F G H I J,A B CD E F G H I J,A B CDI E F G H J,AG B CDI E F H J,ABG CDI E F H J,ABEG CDI F H J,ABEGH CDI F J,ABEGH CDFI J,ABEG CDFI HJ
5,26.1058869362,True,1856,2,817,8.14224137931,14.0,13.4285714286,12.0,10.3620689655,8.74285714286,7.45380434783,6.87922705314,6.94736842105,7.13333333333,7.52777777778,7.74468085106,7.75438596491,7.35443037975,6.65,6.5873015873,6.90740740741,6.2,6.73333333333,0.0,0.0,0.0,0.0,0.0,0.0,0.0,0.0,0.0,0.0,0.0,0.0,0.0,0.0,0.0,0.0,0.0,0.0,0.0,0.0,0.0,0.0,0.0,0.0,0.0,0.0,0.0,0.0,0.0,0.0,0.0,0.0,0.0980514824953,0.185339117391,0.00555146244419,0.0199695603825,0.150255946973,0.0803144237591,0.0620923220885,0.177091161042,0.137256478138,0.0840780452866,0.307152872338,-0.818493221431,0.658642540243,-0.925654633666,0.0921243212234,-0.88467272738,0.876708104243,-0.52481681505,-0.225493997954,-0.469082012539,AE BDF CG HIJ,6,1234,AEI BDFHJ CG,7,1306,,,,,,,8,A B C D E F G H I J,A BF C D E G H I J,A BFH C D E G I J,A BFHJ C D E G I,A BDFHJ C E G I,AE BDFHJ C G I,AEI BDFHJ C G,AEI BDFHJ CG
6,139.936986923,True,6013,1,4039,11.7982704141,20.0,18.65,16.2083333333,13.5258799172,11.1366384522,9.55167958656,9.35966735967,9.79649122807,10.2151162791,10.0322580645,9.48148148148,9.61290322581,9.35185185185,9.65441176471,10.7391304348,12.0628272251,11.9279279279,14.5428571429,14.813559322,13.6481481481,12.2222222222,11.3454545455,10.7961165049,10.3939393939,11.5555555556,12.5853658537,13.875,15.1315789474,14.7362637363,12.847826087,12.6068376068,13.273381295,14.7882352941,15.524137931,16.6907216495,17.9122807018,19.1666666667,17.5625,0.0,0.0,0.0,0.0,0.0,0.0,0.0,0.0,0.0,0.0,0.0,0.0,0.0351486720077,0.135682671554,0.119861640641,0.0406151747361,0.117897140808,0.0541263930242,0.09276386255,0.133687590583,0.135888129676,0.134328724421,-0.462188238784,0.724735808423,-0.0423323805048,-0.820284978933,0.22318379907,-0.641858689755,-0.969773623656,0.808327692924,-0.524417734044,-0.542364319716,ADFGIJ BH CE,7,2899,,,,,,,,,,8,A B C D E F G H I J,A B C D E F G H IJ,A B C D E FIJ G H,AFIJ B C D E G H,ADFIJ B C E G H,ADFGIJ B C E H,ADFGIJ BH C E,ADFGIJ BH CE
7,1032.28910923,False,13900,2,10508,12.8494964029,16.0,15.0625,13.4059405941,11.549382716,10.1875,9.69448373409,9.79817905918,10.5694200351,10.8581952118,10.5326923077,10.7805486284,11.1792114695,11.6454183267,12.371040724,12.797979798,12.9160839161,13.2077922078,13.34,13.3535911602,13.2880658436,13.7932098765,13.3892045455,13.2784810127,14.3571428571,15.2010050251,16.2568807339,16.8058252427,16.5818181818,16.5956521739,16.6099585062,15.9392857143,15.3993506494,15.2926045016,15.5201465201,16.2,15.3480176211,14.4273127753,13.2077922078,13.0167364017,12.6135458167,12.87,13.4347826087,12.6488888889,12.3102310231,11.993902439,12.2959501558,13.2157676349,14.2242990654,15.3101604278,13.9802631579,0.128797187916,0.134666313644,0.031226796638,0.0425903633084,0.147577894749,0.155481274171,0.158087114594,0.0962275558463,0.066886788309,0.0384587108237,-0.306211676856,0.0417016411662,0.602954399942,0.265975811403,-0.90344329576,-0.214432734301,0.897390023308,0.317106793259,-0.519779106492,-0.591278370761,AFIJ BDH CG E,6,1741,ABF CG DH EIJ,6,1755,,,,,,,8,A B C D E F G H I J,AF B C D E G H I J,ABF C D E G H I J,ABFI C D E G H J,ABFI C DH E G J,ABFIJ C DH E G,AFIJ BDH C E G,AFIJ BDH CG E
8,37.6781289577,True,2674,1,197,9.70044876589,14.0,13.1428571429,11.9350649351,10.6801801802,10.1802469136,10.2849557522,9.53859348199,8.65135135135,8.54098360656,9.15463917526,9.26229508197,8.8125,7.86206896552,6.82608695652,5.9,0.0,0.0,0.0,0.0,0.0,0.0,0.0,0.0,0.0,0.0,0.0,0.0,0.0,0.0,0.0,0.0,0.0,0.0,0.0,0.0,0.0,0.0,0.0,0.0,0.0,0.0,0.0,0.0,0.0,0.0,0.0,0.0,0.0,0.0,0.0,0.0253473064468,0.0847661078594,0.147470357833,0.0598055040308,0.140671655667,0.132685511286,0.114681743751,0.119981043389,0.122984155236,0.0516066145018,-0.173141845766,-0.863974630497,0.273455065975,-0.516804961893,0.362668951441,-0.891890923229,-0.600401464225,0.71365018351,0.914218488758,0.79056513748,A BDFG CE HIJ,6,1293,,,,,,,,,,9,A B C D E F G H I J,A B CE D F G H I J,A BF CE D G H I J,A BFG CE D H I J,A BDFG CE H I J,A BDFG CEH I J,A BDFG CEHJ I,A BDFG CEH IJ,A BDFG CE HIJ
9,20.0757329464,True,1284,4,298,8.21495327103,14.0,13.0,11.3421052632,9.77830188679,8.40419161677,7.3152866242,6.78306878307,6.96296296296,7.38235294118,7.52631578947,7.5,0.0,0.0,0.0,0.0,0.0,0.0,0.0,0.0,0.0,0.0,0.0,0.0,0.0,0.0,0.0,0.0,0.0,0.0,0.0,0.0,0.0,0.0,0.0,0.0,0.0,0.0,0.0,0.0,0.0,0.0,0.0,0.0,0.0,0.0,0.0,0.0,0.0,0.0,0.0,0.0926328734993,0.026042768062,0.145980129462,0.0394245496597,0.122109425244,0.180207240497,0.0586628900371,0.0639528580533,0.168712083603,0.102275181882,-0.931403328126,0.36819487738,0.85975785494,-0.438374703921,0.0615031148464,-0.88253215767,0.657139621747,0.28882399512,-0.421180134483,0.340165250701,AF BCGHJ DI E,6,1055,AF BEHJ CG DI,6,1088,ADFI BEHJ CG,7,1144,ADFI BCGHJ E,7,1150,7,A B C D E F G H I J,AF B C D E G H I J,AF B C DI E G H J,AF B CG DI E H J,AF B CG DI E HJ,AF B CG DI EHJ,AF BEHJ CG DI
10,34.6763150692,True,2258,1,288,11.0411868911,16.0,14.75,12.9468085106,11.3152173913,10.4612159329,10.5978062157,11.2639821029,11.389261745,11.0206185567,0.0,0.0,0.0,0.0,0.0,0.0,0.0,0.0,0.0,0.0,0.0,0.0,0.0,0.0,0.0,0.0,0.0,0.0,0.0,0.0,0.0,0.0,0.0,0.0,0.0,0.0,0.0,0.0,0.0,0.0,0.0,0.0,0.0,0.0,0.0,0.0,0.0,0.0,0.0,0.0,0.0,0.106253380251,0.111126403703,0.000514228556754,0.161164055555,0.0939542774612,0.146657927968,0.0784563396414,0.115500647924,0.158531377363,0.0278413615767,0.151692215515,0.391199258877,0.704886641453,-0.534803623321,-0.0950657015569,0.174286677668,-0.727641959973,0.089779210311,0.903673603894,-0.760354505113,ABEFH CI DGJ,7,1864,,,,,,,,,,8,A B C D E F G H I J,A B C D E FH G I J,AFH B C D E G I J,ABFH C D E G I J,ABEFH C D G I J,ABEFH C DG I J,ABEFH C DGJ I,ABEFH CI DGJ
11,41.5051398277,True,2674,1,143,9.25953627524,15.0,14.2,12.9195402299,11.2684824903,9.82222222222,8.95131086142,8.46887966805,7.94242424242,7.94578313253,8.86138613861,9.20481927711,9.83606557377,10.5813953488,9.20408163265,0.0,0.0,0.0,0.0,0.0,0.0,0.0,0.0,0.0,0.0,0.0,0.0,0.0,0.0,0.0,0.0,0.0,0.0,0.0,0.0,0.0,0.0,0.0,0.0,0.0,0.0,0.0,0.0,0.0,0.0,0.0,0.0,0.0,0.0,0.0,0.0,0.020834132473,0.208275271203,0.113280436365,0.0307695292263,0.125837642078,0.0384215970061,0.108192545182,0.17105953558,0.171928264676,0.01140104621,0.354687170239,-0.940483610148,-0.871855969758,-0.742587572785,-0.287505079778,0.273932177343,0.615624133122,0.223850371351,-0.725376835352,0.753041462838,AFGH BCDI E J,6,1450,,,,,,,,,,7,A B C D E F G H I J,A BC D E F G H I J,A BCI D E F G H J,A BCDI E F G H J,A BCDI E FH G J,AFH BCDI E G J,AFGH BCDI E J
12,34.7119538784,True,2436,1,616,10.2118226601,17.0,16.0588235294,14.4594594595,12.5125348189,10.4904153355,8.93779904306,8.61538461538,9.38578680203,10.2266666667,11.2222222222,0.0,0.0,0.0,0.0,0.0,0.0,0.0,0.0,0.0,0.0,0.0,0.0,0.0,0.0,0.0,0.0,0.0,0.0,0.0,0.0,0.0,0.0,0.0,0.0,0.0,0.0,0.0,0.0,0.0,0.0,0.0,0.0,0.0,0.0,0.0,0.0,0.0,0.0,0.0,0.0,0.0556403400013,0.121970299432,0.185296049446,0.144571523304,0.0474535175863,0.031226881738,0.155377397989,0.128560285539,0.0125317593918,0.117371945573,-0.972446646805,-0.682836211592,0.757165309608,-0.263342978872,0.603551310253,-0.547497038593,-0.453870179517,0.574988239153,0.98442968304,-0.80389213425,A BDFGJ CEHI,7,2149,,,,,,,,,,8,A B C D E F G H I J,A B CH D E F G I J,A B CEH D F G I J,A B CEH DG F I J,A BDG CEH F I J,A BDFG CEH I J,A BDFGJ CEH I,A BDFGJ CEHI
13,61.9759039879,True,4041,1,259,10.3484286068,17.0,15.9411764706,14.0810810811,12.1684782609,10.668079096,9.8362369338,9.64325842697,9.7658643326,9.80701754386,10.1527093596,10.8085106383,10.0337078652,10.1363636364,9.5,8.9,10.3636363636,8.66666666667,0.0,0.0,0.0,0.0,0.0,0.0,0.0,0.0,0.0,0.0,0.0,0.0,0.0,0.0,0.0,0.0,0.0,0.0,0.0,0.0,0.0,0.0,0.0,0.0,0.0,0.0,0.0,0.0,0.0,0.0,0.0,0.0,0.0,0.0189748577224,0.187467498489,0.146172001637,0.105876202122,0.172493427416,0.0940471865198,0.0730321911006,0.148137111997,0.0175761343041,0.0362233886929,0.791819558691,-0.832676597331,0.67443303634,0.235416076023,0.0257310557861,-0.270648594381,0.539065200446,0.447397574832,0.97051916574,-0.668229430696,ACDGH BJ EF I,6,2124,,,,,,,,,,7,A B C D E F G H I J,A B CH D E F G I J,A B CGH D E F I J,A B CDGH E F I J,ACDGH B E F I J,ACDGH BJ E F I,ACDGH BJ EF I
14,284.820019007,False,111473,1,-1,19.2156127493,26.0,25.0,22.5884615385,19.4524180967,16.2107291049,13.6156144194,12.6868378158,13.4687062121,14.3873517787,14.9452158546,15.4274265361,15.7186091436,15.7742136406,15.902018134,16.3041994751,16.8858384809,17.6350215296,18.6141373656,19.3289453306,20.3660420541,21.2729666925,21.7640264026,22.4137931034,23.3774170446,24.2520636792,24.9292435077,25.4990366089,26.0559125964,26.7510729614,27.6245318352,28.6490872211,28.6817702845,29.1426767677,29.5492063492,29.7831578947,29.1934673367,29.4389027431,28.7270029674,29.6583629893,30.0227272727,30.8620689655,31.0809248555,31.0642857143,32.3676470588,33.0761904762,32.5,32.96875,32.4444444444,32.3636363636,30.4117647059,0.130908502835,0.110848525746,0.136715725521,0.0792518767944,0.0471162824754,0.110074120775,0.101433397889,0.0489307231689,0.115678769435,0.11904207536,-0.481903431053,0.442446824479,0.118684140053,-0.549355343371,0.471797405069,-0.430967140813,0.0753237301852,-0.074093403355,-0.26902953746,0.0931696753695,ADFI BCEGHJ,8,19408,,,,,,,,,,11,A B C D E F G H I J,A B CJ D E F G H I,A B CGJ D E F H I,A B CGHJ D E F I,A B CGHIJ D E F,AF B CGHIJ D E,ADF B CGHIJ E,ADF BE CGHIJ,ADFI BE CGHJ,ADFI BCGHJ E,ADFI BCEGHJ
15,287.458367825,True,111596,2,-1,18.0582547762,25.0,24.08,21.6016949153,18.7297543221,16.1234211476,14.1339398534,13.1088284287,13.206092516,13.6331738437,13.8622898319,14.7737556561,15.7092866756,15.6019021739,15.048346056,14.3333333333,13.4845814978,13.5240893067,14.3717859625,15.2123893805,15.7184027778,15.7277568922,15.4141221374,15.1565526784,15.9793757734,17.2225750282,18.7801257422,19.8974358974,20.5757113267,21.0677040677,22.1272530642,23.6274025261,24.5388151175,25.5650080257,25.8992718447,26.5142180095,28.4146341463,28.3601895735,26.511627907,27.6326530612,27.3529411765,27.7619047619,31.2222222222,0.0,0.0,0.0,0.0,0.0,0.0,0.0,0.0,0.125707713952,0.00798185536902,0.155256300564,0.130756044943,0.115872321619,0.158851696705,0.0786608057635,0.00673113635846,0.079524973954,0.140657150773,-0.633793715023,-0.133976423789,0.327302972854,-0.0523574662945,0.730106274438,-0.102062549277,0.0239024684095,0.260774641183,-0.373918456658,-0.452298070409,AIJ BCDFGH E,7,11767,A BDFGIJ CEH,7,12992,,,,,,,8,A B C D E F G H I J,A B C DF E G H I J,A B C DFG E H I J,A B CDFG E H I J,A BCDFG E H I J,A BCDFGH E I J,AJ BCDFGH E I,AIJ BCDFGH E
16,23.0654201508,True,1327,1,172,8.1718161266,13.0,12.2307692308,10.9242424242,9.31764705882,7.64315352697,6.73913043478,7.98235294118,8.38202247191,7.72727272727,8.18421052632,9.325,8.58823529412,0.0,0.0,0.0,0.0,0.0,0.0,0.0,0.0,0.0,0.0,0.0,0.0,0.0,0.0,0.0,0.0,0.0,0.0,0.0,0.0,0.0,0.0,0.0,0.0,0.0,0.0,0.0,0.0,0.0,0.0,0.0,0.0,0.0,0.0,0.0,0.0,0.0,0.0,0.0478507939408,0.0397029168316,0.0653901802001,0.156536562122,0.186911382925,0.0181757456421,0.229156629681,0.1620488674,0.0684271623062,0.0257997589515,-0.964493605582,-0.987719179174,0.620350158288,-0.490736616942,0.951390109072,0.184754230959,0.19910694845,-0.767360996768,0.199275602825,-0.581927874168,ABDHJ CE FGI,7,868,,,,,,,,,,8,A B C D E F G H I J,A B C D E F GI H J,A B C D E FGI H J,A B C DH E FGI J,A B C DHJ E FGI,ADHJ B C E FGI,ABDHJ C E FGI,ABDHJ CE FGI
17,36.432926178,True,2490,1,120,9.30240963855,16.0,15.1875,13.8235294118,12.0239520958,10.144499179,8.51880877743,7.60598503741,6.89759036145,7.76744186047,9.875,8.13888888889,7.14285714286,5.91666666667,5.13333333333,6.1,6.8,6.41666666667,6.22222222222,0.0,0.0,0.0,0.0,0.0,0.0,0.0,0.0,0.0,0.0,0.0,0.0,0.0,0.0,0.0,0.0,0.0,0.0,0.0,0.0,0.0,0.0,0.0,0.0,0.0,0.0,0.0,0.0,0.0,0.0,0.0,0.0,0.125991265545,0.0858260722504,0.0137633517404,0.137999391453,0.101034350547,0.119550469307,0.148844403708,0.024390772635,0.190112111253,0.0524878115608,0.882050404253,-0.352365002107,-0.716771631332,-0.169100772824,-0.459035713367,0.260817130754,0.409340543689,0.676771069737,-0.735142080518,0.727870431605,AHJ BCDEI FG,7,2215,,,,,,,,,,8,A B C D E F G H I J,A B C D E FG H I J,A B CI D E FG H J,A B CEI D FG H J,A BCEI D FG H J,A BCDEI FG H J,AJ BCDEI FG H,AHJ BCDEI FG
18,53.4317140579,True,2817,1,444,9.68228611999,16.0,14.75,12.84375,10.7581227437,9.15654205607,8.84892086331,9.15189873418,9.39688715953,9.62557077626,9.2700729927,8.89333333333,8.9347826087,9.53125,10.027027027,9.60416666667,10.1538461538,9.51666666667,9.34042553191,9.89361702128,10.6315789474,11.3333333333,11.0689655172,10.4642857143,10.44,11.9473684211,12.0769230769,10.9333333333,9.5,0.0,0.0,0.0,0.0,0.0,0.0,0.0,0.0,0.0,0.0,0.0,0.0,0.0,0.0,0.0,0.0,0.0,0.0,0.0,0.0,0.0,0.0,0.0896565430998,0.0258688786139,0.0921501207721,0.170655316005,0.0109791505806,0.10569624037,0.109877532055,0.175659904687,0.0601837039848,0.159272609832,0.169012413543,-0.577198244501,-0.91721614956,0.452779871655,-0.969658352857,-0.189430302,0.931170616632,-0.254116126726,0.211997717347,-0.488826997583,ADI BFHJ CE G,6,1273,,,,,,,,,,7,A B C D E F G H I J,A B C D E FH G I J,A B C D E FHJ G I,A BFHJ C D E G I,AD BFHJ C E G I,ADI BFHJ C E G,ADI BFHJ CE G
19,55.4914400578,True,3422,1,1519,10.7860900058,20.0,18.8,17.02,14.635009311,11.9612244898,9.33406593407,6.94749403341,5.84745762712,7.35294117647,8.39705882353,8.48333333333,7.89743589744,7.68,7.8125,7.55555555556,0.0,0.0,0.0,0.0,0.0,0.0,0.0,0.0,0.0,0.0,0.0,0.0,0.0,0.0,0.0,0.0,0.0,0.0,0.0,0.0,0.0,0.0,0.0,0.0,0.0,0.0,0.0,0.0,0.0,0.0,0.0,0.0,0.0,0.0,0.0,0.149938242145,0.0391666509762,0.106992246531,0.131653059646,0.134263249616,0.176500529464,0.0276334081812,0.178163753136,0.0308661796427,0.0248226806624,-0.509561205598,-0.708336481398,0.402154684423,-0.755329282879,0.457552589826,0.390995170586,-0.814470605051,-0.0310553489373,0.52966404653,-0.668627416443,ABDGJ CEFI H,7,3017,,,,,,,,,,8,A B C D E F G H I J,A B C D EF G H I J,A B CEF D G H I J,A B CEFI D G H J,AD B CEFI G H J,ABD CEFI G H J,ABDJ CEFI G H,ABDGJ CEFI H
20,19.9568428993,True,1310,2,205,9.42977099237,17.0,15.7647058824,13.7142857143,11.4503311258,9.17090069284,7.29206349206,6.61344537815,0.0,0.0,0.0,0.0,0.0,0.0,0.0,0.0,0.0,0.0,0.0,0.0,0.0,0.0,0.0,0.0,0.0,0.0,0.0,0.0,0.0,0.0,0.0,0.0,0.0,0.0,0.0,0.0,0.0,0.0,0.0,0.0,0.0,0.0,0.0,0.0,0.0,0.0,0.0,0.0,0.0,0.0,0.0,0.0778232036373,0.0675122093928,0.0813276931551,0.116435743062,0.114070509263,0.110190276388,0.0612269004521,0.113855761782,0.127716801562,0.129840901305,0.0622260190229,-0.900513580228,0.847972720433,-0.21641570168,0.863535224047,0.928949369639,-0.625210872109,-0.174904456942,-0.404995260592,0.105238213907,AJ B CEF DGHI,6,1198,ADHIJ BG CEF,7,1306,,,,,,,8,A B C D E F G H I J,A B C DH E F G I J,A B C DHI E F G J,A B C DHIJ E F G,ADHIJ B C E F G,ADHIJ B C EF G,ADHIJ B CEF G,ADHIJ BG CEF
21,127.019927025,True,5797,1,1304,12.6248059341,19.0,18.0,15.9224806202,13.8136792453,12.4616321559,12.399339934,12.2895622896,11.9568661972,12.8519362187,16.1028037383,0.0,0.0,0.0,0.0,0.0,0.0,0.0,0.0,0.0,0.0,0.0,0.0,0.0,0.0,0.0,0.0,0.0,0.0,0.0,0.0,0.0,0.0,0.0,0.0,0.0,0.0,0.0,0.0,0.0,0.0,0.0,0.0,0.0,0.0,0.0,0.0,0.0,0.0,0.0,0.0,0.156318190818,0.0840118004057,0.158507658506,0.079754137541,0.170933746854,0.116258890426,0.0419075842247,0.138938306797,0.0207389208073,0.0326307636204,-0.662678429631,0.631610588083,-0.805200647739,-0.671043195771,0.70723810586,0.628107477789,0.619068331502,0.417136201203,0.029003650075,0.67158585235,ACD BEFGHJ I,7,4234,,,,,,,,,,8,A B C D E F G H I J,AC B D E F G H I J,ACD B E F G H I J,ACD B EF G H I J,ACD BEF G H I J,ACD BEFH G I J,ACD BEFGH I J,ACD BEFGHJ I
22,6.4531879425,True,450,1,0,7.43333333333,13.0,12.0,10.6129032258,8.72058823529,6.59183673469,4.4,2.2,0.0,0.0,0.0,0.0,0.0,0.0,0.0,0.0,0.0,0.0,0.0,0.0,0.0,0.0,0.0,0.0,0.0,0.0,0.0,0.0,0.0,0.0,0.0,0.0,0.0,0.0,0.0,0.0,0.0,0.0,0.0,0.0,0.0,0.0,0.0,0.0,0.0,0.0,0.0,0.0,0.0,0.0,0.0,0.185806431201,0.0758332393835,0.231618452665,0.0400441694331,0.00280634250568,0.109183313236,0.0529332956815,0.0525516121692,0.083079780359,0.166143363367,0.675640265607,-0.927831340171,-0.766302381272,-0.666597675378,0.0191541934437,0.812064600832,0.113940744794,-0.671356717427,0.919453117228,0.898061584185,AFIJ BCDH EG,7,449,,,,,,,,,,8,A B C D E F G H I J,AJ B C D E F G H I,AFJ B C D E G H I,AFIJ B C D E G H,AFIJ B CH D E G,AFIJ BCH D E G,AFIJ BCDH E G,AFIJ BCDH EG
23,3003.37251902,True,21426,1,16506,13.7282273873,18.0,17.2777777778,15.344,13.2460136674,11.3441108545,9.92766373412,9.4506866417,10.1632653061,10.8486842105,10.7122736419,10.4432432432,10.8933333333,11.5618631732,12.3610354223,12.4993710692,12.637374861,13.1289978678,13.7,13.9145728643,14.1621212121,13.9846625767,14.2248722317,14.5280289331,14.9836867863,15.5697503671,16.2580174927,16.9478527607,17.2946859903,17.6911764706,17.4076190476,17.1074380165,16.6285046729,16.9075144509,16.8205804749,16.9008042895,17.2255892256,16.7377777778,16.2375,15.5701754386,16.7619047619,18.1578947368,21.0,19.2307692308,16.1333333333,14.0,13.375,12.8,12.5,12.5,0.0,0.00821556293923,0.196451273969,0.195824807248,0.142149712833,0.00973383408051,0.0403132386101,0.051343662583,0.0110040380365,0.200265212908,0.144698656793,0.535338719917,-0.726353581696,0.821421815556,-0.307471547736,0.178114037927,0.187508505031,-0.0176956396173,-0.792582975982,0.40344990354,0.249177777265,AEFGIJ BDH C,7,3288,,,,,,,,,,8,A B C D E F G H I J,A B C D E F G H IJ,A B C D E FIJ G H,A B C D EFIJ G H,A B C D EFGIJ H,AEFGIJ B C D H,AEFGIJ BH C D,AEFGIJ BDH C
24,42.9290540218,True,3045,1,0,11.550410509,21.0,20.0,18.0617283951,15.4607508532,12.3506243996,9.02721088435,5.79233226837,2.94736842105,0.0,0.0,0.0,0.0,0.0,0.0,0.0,0.0,0.0,0.0,0.0,0.0,0.0,0.0,0.0,0.0,0.0,0.0,0.0,0.0,0.0,0.0,0.0,0.0,0.0,0.0,0.0,0.0,0.0,0.0,0.0,0.0,0.0,0.0,0.0,0.0,0.0,0.0,0.0,0.0,0.0,0.0,0.166124587509,0.0983919908229,0.0327915540574,0.131079355072,0.0284979240854,0.0429203134743,0.147690193438,0.191524797449,0.0928988657428,0.0680804183496,-0.582966426725,-0.701206982045,0.558168338444,0.474350477998,0.579069218334,-0.927723600829,-0.730162082426,0.523581814053,0.216299616854,0.538024954393,ABFG CDEHIJ,8,3044,,,,,,,,,,9,A B C D E F G H I J,A B C DH E F G I J,A B C DHJ E F G I,A B CDHJ E F G I,A B CDEHJ F G I,A B CDEHIJ F G,AG B CDEHIJ F,ABG CDEHIJ F,ABFG CDEHIJ
25,34.3089931011,True,2031,1,183,10.3589364845,18.0,17.0,14.7787610619,12.419939577,10.240704501,8.46803652968,8.9926199262,10.6540084388,9.16504854369,9.85714285714,0.0,0.0,0.0,0.0,0.0,0.0,0.0,0.0,0.0,0.0,0.0,0.0,0.0,0.0,0.0,0.0,0.0,0.0,0.0,0.0,0.0,0.0,0.0,0.0,0.0,0.0,0.0,0.0,0.0,0.0,0.0,0.0,0.0,0.0,0.0,0.0,0.0,0.0,0.0,0.0,0.0730818045083,0.0512413276008,0.0939521846355,0.0640516723956,0.0471779712839,0.173967102144,0.15871675981,0.203644936481,0.0844708172352,0.0496954239061,-0.938791939556,0.792570987308,-0.511932071417,0.787350646514,0.0532095499002,0.684072352583,0.864481144942,0.80478720785,0.610359155164,-0.371327103971,A BDFGHI CJ E,6,1412,,,,,,,,,,7,A B C D E F G H I J,A B C D E F GH I J,A B C D E FGH I J,A B C DFGH E I J,A B C DFGHI E J,A BDFGHI C E J,A BDFGHI CJ E
26,15.6322290897,True,1005,1,470,9.67064676617,14.0,13.2142857143,11.7162162162,10.4278606965,9.76971608833,9.24028268551,7.60194174757,0.0,0.0,0.0,0.0,0.0,0.0,0.0,0.0,0.0,0.0,0.0,0.0,0.0,0.0,0.0,0.0,0.0,0.0,0.0,0.0,0.0,0.0,0.0,0.0,0.0,0.0,0.0,0.0,0.0,0.0,0.0,0.0,0.0,0.0,0.0,0.0,0.0,0.0,0.0,0.0,0.0,0.0,0.0,0.143155161724,0.153041186799,0.113041569064,0.15556276824,0.151045151883,0.159988201569,0.0642951852111,0.0281525157288,0.000368341021274,0.0313499187596,0.345866340881,0.256308505744,0.976777806154,0.0536985726796,0.919802744452,0.217388804761,0.861657494461,-0.812086487517,-0.0796377875833,-0.301551111751,ABDFI CEG H J,6,890,,,,,,,,,,7,A B C D E F G H I J,A BF C D E G H I J,ABF C D E G H I J,ABDF C E G H I J,ABDF CE G H I J,ABDF CEG H I J,ABDFI CEG H J
27,137.690522194,True,5648,1,2108,11.4745042493,18.0,17.0,14.8833333333,12.4559585492,10.4612005857,9.4954954955,9.62998624484,10.01453958,10.7213483146,11.6338983051,12.4366812227,12.783919598,12.5405405405,12.8846153846,13.3298969072,13.3846153846,14.4871794872,14.9305555556,14.9402985075,15.5294117647,15.8405797101,15.6849315068,15.7534246575,15.8307692308,15.6041666667,15.5384615385,16.0666666667,16.1666666667,16.125,15.0,15.2,14.4285714286,12.3,11.3333333333,0.0,0.0,0.0,0.0,0.0,0.0,0.0,0.0,0.0,0.0,0.0,0.0,0.0,0.0,0.0,0.0,0.085082019543,0.0979703545892,0.00526186889745,0.116405092607,0.0322848401503,0.2275563467,0.103710612497,0.0337427244239,0.134457119175,0.163529021417,0.31005595158,0.12536614981,0.805661950634,-0.256431466574,0.888774322945,-0.465011488266,-0.122543234828,-0.574654809984,-0.437436645981,0.215974919303,ABJ CE DFGHI,7,2712,,,,,,,,,,8,A B C D E F G H I J,A B C D E FI G H J,A B C DFI E G H J,A B C DFGI E H J,A B C DFGHI E J,A BJ C DFGHI E,ABJ C DFGHI E,ABJ CE DFGHI
28,40.2585508823,True,2639,1,1218,11.0837438424,20.0,19.0,17.0068493151,14.54743083,11.7674943567,8.85019710907,6.0640569395,3.78378378378,0.0,0.0,0.0,0.0,0.0,0.0,0.0,0.0,0.0,0.0,0.0,0.0,0.0,0.0,0.0,0.0,0.0,0.0,0.0,0.0,0.0,0.0,0.0,0.0,0.0,0.0,0.0,0.0,0.0,0.0,0.0,0.0,0.0,0.0,0.0,0.0,0.0,0.0,0.0,0.0,0.0,0.0,0.0961951154069,0.126963449273,0.0478688826157,0.105951910072,0.0687474053936,0.106269861704,0.12228529174,0.0779586322274,0.180073084483,0.0676863670835,0.708656400993,-0.63896007598,0.319387978339,-0.676778385368,-0.893504275113,-0.495935408008,0.707222701617,-0.464838728309,0.761356078582,-0.821371433245,AGI BDEFHJ C,7,2612,,,,,,,,,,8,A B C D E F G H I J,A B C D E F GI H J,AGI B C D E F H J,AGI BD C E F H J,AGI BDF C E H J,AGI BDFH C E J,AGI BDFHJ C E,AGI BDEFHJ C
29,61.0124280453,True,3959,1,2104,10.0992674918,15.0,14.1333333333,12.7701149425,11.1484375,9.67592592593,9.5390625,10.6339144216,10.0718654434,9.43119266055,10.446685879,10.0089820359,9.29508196721,9.37037037037,8.8,0.0,0.0,0.0,0.0,0.0,0.0,0.0,0.0,0.0,0.0,0.0,0.0,0.0,0.0,0.0,0.0,0.0,0.0,0.0,0.0,0.0,0.0,0.0,0.0,0.0,0.0,0.0,0.0,0.0,0.0,0.0,0.0,0.0,0.0,0.0,0.0,0.146498849965,0.0543705668787,0.00412017003742,0.129989112447,0.117003297886,0.148086995926,0.127677482081,0.0172809270884,0.109421822523,0.145550775167,0.602911536607,-0.58812555089,0.315351705764,0.599220760012,-0.671269005172,-0.191658645133,-0.0906288900719,0.924448438266,0.532051847959,-0.137312725428,ACDHI BE FGJ,7,2203,,,,,,,,,,8,A B C D E F G H I J,A B C D E FJ G H I,A B C D E FGJ H I,AD B C E FGJ H I,ADI B C E FGJ H,ACDI B E FGJ H,ACDI BE FGJ H,ACDHI BE FGJ
30,61952.4329221,False,88681,2,83589,17.5366651256,30.0,28.7666666667,25.808259587,22.058438012,18.2315914489,15.0401650619,13.3173935891,14.0274973895,17.0225409836,18.7417153996,19.3876852908,18.4506666667,17.0388489209,16.715855573,17.1227758007,17.7877094972,17.4165170557,17.3676731794,15.8330550918,14.6805555556,14.9685628743,15.3460992908,15.0856844305,14.673566879,14.974537037,15.4722650231,16.1034220532,16.4369873229,16.7950138504,17.0563471503,16.8215444517,16.1470006592,16.0025740026,16.0874704492,16.505785124,17.2475106686,18.4172212978,19.1126510306,19.6949626866,20.0440271933,19.8221428571,19.2743531202,19.1027745213,19.2797644089,18.9423440454,18.7091108672,19.2513727883,19.9594997022,20.247300216,20.6018418202,0.0284555408179,0.137751394806,0.145663332993,0.0695005512371,0.10992821906,0.13185206786,0.0928215754464,0.0433647739069,0.104852041338,0.135810502535,-0.00848105132869,-0.371548879878,0.123300760872,-0.328500223566,-0.701078686999,0.108266111978,-0.855442727659,-0.022328427389,-0.399053368668,0.0728429937955,ABCDFHIJ EG,8,23211,ACFHJ BDEGI,8,23366,,,,,,,9,A B C D E F G H I J,A B CJ D E F G H I,A B CFJ D E G H I,A B CFHJ D E G I,ACFHJ B D E G I,ACFHJ BI D E G,ACFHJ BDI E G,ACFHJ BDEI G,ACFHJ BDEGI
31,4269.17312884,False,32717,2,17966,13.9215086958,19.0,17.5263157895,15.1532258065,12.345505618,9.46555323591,8.3527696793,11.3798701299,11.2216216216,9.37305699482,7.72413793103,8.35820895522,8.45378151261,9.08965517241,9.41538461538,10.1315789474,11.904,11.5625,11.5454545455,11.8675496689,11.76,10.9162303665,10.4115226337,10.9692832765,12.2401315789,12.8923076923,12.8362989324,12.0215517241,11.3754940711,11.7993920973,12.2176165803,13.1352941176,14.5104477612,15.4870588235,15.7472527473,15.7154471545,14.7304964539,14.0826210826,13.765729585,13.409731114,13.8070588235,14.1441441441,14.4769230769,14.0959446093,13.7447665056,13.8099547511,14.2852004111,14.4275506153,14.7838353031,15.3130193906,15.1977896341,0.128581735391,0.109607211433,0.111616212984,0.149182301041,0.0824875416423,0.00407730986206,0.103244893416,0.101954082386,0.124482162976,0.0847665488691,0.13692511986,-0.849758121086,0.84521734525,0.547265524742,0.559422373808,-0.389139347233,0.454539258365,-0.289746574543,-0.254976006576,0.373166832131,ADEGJ B C FHI,6,1333,AFHI B CDEGJ,7,1632,,,,,,,7,A B C D E F G H I J,A B C DG E F H I J,A B C DEG F H I J,A B C DEGJ F H I,ADEGJ B C F H I,ADEGJ B C F HI,ADEGJ B C FHI
32,53.9888958931,True,3747,2,378,10.4737123032,17.0,15.7058823529,13.8224299065,11.737804878,9.69776119403,8.18685831622,8.91044776119,10.6684350133,10.5882352941,10.470464135,11.3510204082,12.4482758621,13.0,13.6734693878,13.4090909091,13.7,14.8333333333,14.2222222222,11.2,9.5,0.0,0.0,0.0,0.0,0.0,0.0,0.0,0.0,0.0,0.0,0.0,0.0,0.0,0.0,0.0,0.0,0.0,0.0,0.0,0.0,0.0,0.0,0.0,0.0,0.0,0.0,0.0,0.0,0.0,0.0,0.0908905744595,0.0526830382003,0.14560049623,0.136320923948,0.0905909485738,0.1396450048,0.0335391669717,0.143366454546,0.11366398998,0.0536994022912,-0.0987920980519,0.167187964435,-0.605375191568,0.589216592598,-0.289284440757,0.987069951746,-0.998669487937,0.857506552858,0.900903445308,0.61725599661,ACE B DFHIJ G,6,1558,ABE CG DFHIJ,7,1811,,,,,,,7,A B C D E F G H I J,A B C D E FH G I J,A B C D E FHI G J,A B C DFHI E G J,A B C DFHIJ E G,AE B C DFHIJ G,ACE B DFHIJ G
33,27.1911029816,True,1998,3,730,8.67867867868,15.0,14.0,12.3764705882,10.6125,8.98936170213,7.79944289694,7.02608695652,6.88235294118,7.88607594937,8.01428571429,9.33823529412,9.7816091954,9.13541666667,8.1884057971,8.03125,8.19047619048,6.68421052632,6.58333333333,7.2,8.0,0.0,0.0,0.0,0.0,0.0,0.0,0.0,0.0,0.0,0.0,0.0,0.0,0.0,0.0,0.0,0.0,0.0,0.0,0.0,0.0,0.0,0.0,0.0,0.0,0.0,0.0,0.0,0.0,0.0,0.0,0.165821392442,0.0290201037066,0.13890100966,0.0931175128538,0.0704653211364,0.157864000656,0.0626413114312,0.0498786469951,0.144949389492,0.0873413116257,0.209276178537,0.796371822,-0.620643731482,-0.184262028903,0.777430401332,0.301607329281,-0.692019359893,0.884021535664,-0.183834664143,-0.00274996632888,AFJ BEH CG DI,6,1076,ADFIJ BEH CG,7,1311,AFJ BEH CDGI,7,1316,,,,8,A B C D E F G H I J,AF B C D E G H I J,AFJ B C D E G H I,AFIJ B C D E G H,ADFIJ B C E G H,ADFIJ B CG E H,ADFIJ B CG EH,ADFIJ BEH CG
34,35.0633611679,True,2457,1,608,10.698005698,18.0,17.1111111111,14.8672566372,12.4079754601,10.4156378601,10.2171189979,10.4589041096,9.80122324159,9.16167664671,9.33333333333,9.89285714286,9.0,0.0,0.0,0.0,0.0,0.0,0.0,0.0,0.0,0.0,0.0,0.0,0.0,0.0,0.0,0.0,0.0,0.0,0.0,0.0,0.0,0.0,0.0,0.0,0.0,0.0,0.0,0.0,0.0,0.0,0.0,0.0,0.0,0.0,0.0,0.0,0.0,0.0,0.0,0.104585271887,0.147440896575,0.0315419087585,0.0500363601349,0.112943806512,0.108475257717,0.143524201693,0.109924484414,0.0349410838853,0.156586728424,-0.996295345692,-0.920555603153,0.171899712662,-0.246069900912,0.128431922071,-0.0253455176484,-0.689905970958,0.185397347221,-0.183850723762,0.992241328899,ABG CDEFHI J,7,1861,,,,,,,,,,8,A B C D E F G H I J,AB C D E F G H I J,ABG C D E F H I J,ABG C D EH F I J,ABG C D EFH I J,ABG CEFH D I J,ABG CEFHI D J,ABG CDEFHI J
35,21.8130111694,True,1630,1,210,8.76012269939,13.0,12.3846153846,11.3134328358,9.86740331492,8.65870307167,8.31578947368,8.50965250965,8.95,8.5033557047,7.93203883495,7.46808510638,6.46153846154,0.0,0.0,0.0,0.0,0.0,0.0,0.0,0.0,0.0,0.0,0.0,0.0,0.0,0.0,0.0,0.0,0.0,0.0,0.0,0.0,0.0,0.0,0.0,0.0,0.0,0.0,0.0,0.0,0.0,0.0,0.0,0.0,0.0,0.0,0.0,0.0,0.0,0.0,0.0489791904609,0.00270685682105,0.151274539187,0.179300329972,0.179842388641,0.0550343440721,0.123985767262,0.138715915617,0.0226646169629,0.0974960510044,-0.897050230244,0.0580164038537,0.770465038506,-0.285112308507,0.0337041672361,0.937682522476,-0.502154203915,0.848791941923,-0.410274338924,0.825820318762,A BDEGI CFHJ,7,1158,,,,,,,,,,8,A B C D E F G H I J,A B CH D E F G I J,A B CHJ D E F G I,A B CFHJ D E G I,A B CFHJ DG E I,A B CFHJ DGI E,A B CFHJ DEGI,A BDEGI CFHJ
36,166.323681831,True,5652,1,3834,13.5176928521,23.0,22.0,19.0552486188,15.3623188406,12.186770428,11.5078895464,13.19375,13.2837078652,13.9641791045,14.29375,15.115942029,15.1102941176,16.9836065574,18.0,24.7,22.8,21.0,18.0,0.0,0.0,0.0,0.0,0.0,0.0,0.0,0.0,0.0,0.0,0.0,0.0,0.0,0.0,0.0,0.0,0.0,0.0,0.0,0.0,0.0,0.0,0.0,0.0,0.0,0.0,0.0,0.0,0.0,0.0,0.0,0.0,0.128186654551,0.0891947606108,0.089760156786,0.136688183249,0.0678629611761,0.152310441909,0.0803724281914,0.0772600465323,0.117231845104,0.0611325218908,0.0664094672171,-0.00931001714837,0.0668556337854,0.124618901475,-0.541183069339,0.804063334228,-0.212635664099,0.227859567004,-0.879647719901,0.0695565211833,ABCDGHJ EI F,7,3828,,,,,,,,,,8,A B C D E F G H I J,AD B C E F G H I J,ACD B E F G H I J,ABCD E F G H I J,ABCDJ E F G H I,ABCDHJ E F G I,ABCDGHJ E F I,ABCDGHJ EI F
37,36672.7151828,False,77641,1,74246,16.4196107727,18.0,17.1666666667,15.312,13.3385650224,11.8867724868,11.1143939394,10.9514285714,11.7959824231,12.4146797569,13.1413779371,13.574783237,13.9623748706,14.6508097166,15.1804586241,15.7582952816,16.7914180165,17.6463976945,18.2005832793,18.6353547364,19.379020979,19.7258989057,19.6087936866,19.8708630759,19.521978022,18.5704824976,17.8242491657,16.84544406,16.6896942242,15.9413612565,15.8274932615,16.4455527847,16.9386309992,17.0198473282,16.7352048558,16.6135328562,17.2028985507,17.4916727009,17.5311871227,17.8833138856,18.415282392,18.7544843049,18.455424275,17.6513761468,17.7487586892,17.5510204082,17.5004608295,17.4706959707,17.1025848142,17.0429799427,17.3250490517,0.145037028938,0.140334821548,0.0043745501051,0.0079126654403,0.0418606354221,0.0605863128007,0.156268832746,0.179103556355,0.0899118641092,0.174609732536,-0.32001753963,-0.440015596007,0.623743155896,-0.129957953773,-0.688758138929,0.467996190807,0.222462396256,-0.206409326746,0.0657629926235,-0.957424143104,ABDH C EJ FGI,6,2955,,,,,,,,,,10,A B C D E F G H I J,AH B C D E F G I J,ABH C D E F G I J,ABDH C E F G I J,ABDHI C E F G J,ABDHI C E FG J,ABDHI C EJ FG,ABDHI CFG EJ,ABDH CFGI EJ,ABDH C EJ FGI
38,36.8314599991,True,3045,1,0,11.550410509,21.0,20.0,18.0617283951,15.4607508532,12.3506243996,9.02721088435,5.79233226837,2.94736842105,0.0,0.0,0.0,0.0,0.0,0.0,0.0,0.0,0.0,0.0,0.0,0.0,0.0,0.0,0.0,0.0,0.0,0.0,0.0,0.0,0.0,0.0,0.0,0.0,0.0,0.0,0.0,0.0,0.0,0.0,0.0,0.0,0.0,0.0,0.0,0.0,0.0,0.0,0.0,0.0,0.0,0.0,0.170443352464,0.120209292291,0.0161742935895,0.142651174662,0.172283827657,0.0783220131338,0.124331056816,0.0879248915169,0.0608411786622,0.0268189192076,0.679169347632,0.564612228078,0.617828308251,-0.52099736463,-0.468472351965,0.939295070544,0.937236017432,0.5642551127,-0.416965742831,-0.839087613893,ABCFGH DEIJ,8,3044,,,,,,,,,,9,A B C D E F G H I J,A B C DE F G H I J,A B C DEI F G H J,AB C DEI F G H J,ABH C DEI F G J,ABGH C DEI F J,ABFGH C DEI J,ABCFGH DEI J,ABCFGH DEIJ
39,297.762124062,True,10179,2,4988,13.1239807447,15.0,14.2,12.9325842697,11.5428571429,10.8254545455,11.0696517413,11.2002002002,11.0063559322,11.8834437086,12.2720364742,12.3647686833,13.0,13.5368421053,14.0340557276,13.7020057307,13.5916955017,14.0216450216,14.5470852018,15.1197916667,15.1257142857,15.125748503,15.5529411765,15.4874371859,15.4285714286,15.305,16.0921985816,17.2109375,17.7983193277,18.5471698113,18.69,19.4631578947,19.7777777778,20.3285714286,20.8536585366,20.5,19.9,21.0,20.0,19.3333333333,24.0,23.0,0.0,0.0,0.0,0.0,0.0,0.0,0.0,0.0,0.0,0.119032197356,0.102883902919,0.0262583143688,0.0199988411844,0.160035055721,0.0574274412083,0.135071757864,0.171621473611,0.0296381840504,0.178032831717,0.626546257266,0.845383740462,0.0405202132536,-0.0639304266654,-0.345561379081,-0.516020520161,0.846745113856,0.524723077414,0.0300934038989,-0.795001921766,ABGH CDI EFJ,7,2738,ABGH CDEFI J,7,2777,,,,,,,8,A B C D E F G H I J,AH B C D E F G I J,AGH B C D E F I J,ABGH C D E F I J,ABGH C D EF I J,ABGH C D EFJ I,ABGH CI D EFJ,ABGH CDI EFJ
40,65.112429142,True,4249,1,1963,9.79759943516,14.0,12.8571428571,11.0422535211,9.41899441341,8.73851590106,8.99159663866,8.67246376812,7.90517241379,8.78064516129,9.72483221477,9.22727272727,8.82828282828,8.91666666667,8.92424242424,8.61428571429,9.13235294118,9.26086956522,9.17924528302,9.68965517241,10.2573529412,10.2978723404,10.1842105263,10.5833333333,11.2868217054,11.5135135135,11.3214285714,11.2340425532,11.3846153846,11.46875,11.1515151515,11.34,11.5666666667,11.2830188679,12.0377358491,12.3857142857,11.5384615385,11.3157894737,11.347826087,10.5,9.55555555556,11.0,0.0,0.0,0.0,0.0,0.0,0.0,0.0,0.0,0.0,0.108193352805,0.121218378889,0.00791822264958,0.080255658904,0.172288894034,0.0230917934246,0.183291649809,0.116689326413,0.0785330564392,0.108519666633,0.839331988307,0.873506254964,-0.979703828916,0.305777228455,0.208665643293,-0.373005878604,0.829653359568,-0.975379220892,-0.0165383210722,0.430355855058,ABG CH DEIJ F,6,1206,,,,,,,,,,7,A B C D E F G H I J,A BG C D E F H I J,ABG C D E F H I J,ABG C DE F H I J,ABG C DEJ F H I,ABG C DEIJ F H,ABG CH DEIJ F
41,23.2150239944,True,1730,2,840,9.48786127168,17.0,15.8823529412,13.9259259259,11.7393939394,9.60038610039,7.8463356974,7.115,7.80519480519,7.92857142857,8.05263157895,6.625,0.0,0.0,0.0,0.0,0.0,0.0,0.0,0.0,0.0,0.0,0.0,0.0,0.0,0.0,0.0,0.0,0.0,0.0,0.0,0.0,0.0,0.0,0.0,0.0,0.0,0.0,0.0,0.0,0.0,0.0,0.0,0.0,0.0,0.0,0.0,0.0,0.0,0.0,0.0,0.0571220974478,0.0501292874365,0.123047482293,0.114025358499,0.118945914999,0.139062329574,0.0210900948524,0.163367792421,0.171227145578,0.0419824969005,-0.204623227105,-0.70132152783,-0.230668313343,0.732720718439,0.0450491346393,-0.952328829088,0.676599702651,0.929006900459,-0.530563510754,-0.574598285083,ABCIJ DGH E F,6,1402,ACE BFIJ DGH,7,1598,,,,,,,7,A B C D E F G H I J,A B C DH E F G I J,A B C DGH E F I J,A B C DGH E F IJ,A B CIJ DGH E F,ACIJ B DGH E F,ABCIJ DGH E F
42,2520.18249583,False,25913,2,21514,13.7511287771,16.0,14.875,13.28,11.5789473684,10.0620805369,9.1483113069,9.18867924528,9.70817120623,9.73580786026,10.1284210526,10.3524590164,10.4304347826,10.5251256281,11.1276595745,11.4904458599,11.8110465116,12.1066997519,12.1866028708,12.464953271,12.7077922078,13.1187739464,13.4623115578,13.4962063733,13.6757188498,13.3604852686,13.2320328542,13.5806451613,13.75625,14.275659824,14.5022321429,14.8165869219,15.6281690141,15.70625,15.5721393035,15.3493150685,15.2907692308,14.9755301794,14.6837209302,15.1754122939,15.089347079,15.3246753247,15.2518939394,15.236294896,15.469348659,15.7989864865,15.4698795181,15.5165217391,15.9441233141,16.4912891986,17.2090643275,0.226379484878,0.0425853576993,0.224702678005,0.0826119963485,0.100527075524,0.0127023409916,0.0859148138352,0.0502773485649,0.00937769163179,0.164921212522,-0.295414765388,-0.417846418961,-0.879756387695,0.487109132556,0.676004507588,-0.250303044648,-0.587634478604,-0.844610288471,0.873509227505,0.0952637568648,ABFG CH DEI J,6,1895,ABFJ CGH DEI,7,2448,,,,,,,8,A B C D E F G H I J,A B CH D E F G I J,A B CGH D E F I J,AB CGH D E F I J,ABF CGH D E I J,ABFJ CGH D E I,ABFJ CGH DE I,ABFJ CGH DEI
43,2484.30649614,False,23422,1,21680,14.8709333106,17.0,16.0,13.8962264151,11.6719242902,10.4055045872,10.6578581363,10.7310344828,10.2611683849,10.6279373368,10.7573289902,11.0440944882,11.6062602965,12.0350194553,12.2302631579,12.8607068607,13.5631469979,14.6758241758,15.1012006861,15.6363636364,15.4853700516,15.4920071048,15.6496212121,16.2255319149,16.2567237164,16.1994535519,16.2321428571,16.9401709402,16.568914956,16.5705882353,16.2277227723,16.0717703349,15.7695560254,15.5536723164,15.5152487961,15.7786885246,15.7928571429,16.0866141732,16.399132321,16.7659574468,16.5639810427,16.9352818372,17.0539499037,17.7465618861,19.0337552743,19.3440860215,19.8396226415,20.4277286136,20.7760617761,21.4540816327,21.6772151899,0.0422329177844,0.150091777918,0.17429969848,0.13172534268,0.170423750553,0.0388972047426,0.0406748337417,0.101156079071,0.04724599541,0.103252399621,0.671471153022,0.984018308813,-0.981086581086,0.638919821964,0.318156893059,-0.0852308730214,-0.536966241493,0.814058337083,0.180351750455,0.885254379993,ABDHJ C EFI G,6,2270,,,,,,,,,,7,A B C D E F G H I J,A BJ C D E F G H I,A BHJ C D E F G I,A BDHJ C E F G I,ABDHJ C E F G I,ABDHJ C EI F G,ABDHJ C EFI G
44,22.2400360107,True,1628,1,497,8.30036855037,13.0,12.3846153846,11.2753623188,9.92385786802,8.64350453172,7.85754985755,7.63813229572,7.49668874172,7.24418604651,7.17021276596,7.8275862069,8.2,7.20588235294,6.72727272727,6.375,0.0,0.0,0.0,0.0,0.0,0.0,0.0,0.0,0.0,0.0,0.0,0.0,0.0,0.0,0.0,0.0,0.0,0.0,0.0,0.0,0.0,0.0,0.0,0.0,0.0,0.0,0.0,0.0,0.0,0.0,0.0,0.0,0.0,0.0,0.0,0.0528860982434,0.0230128935251,0.119632931707,0.0812052671284,0.12663433437,0.111450594614,0.0679578451611,0.183727437016,0.0495680347125,0.183924563522,0.252845744382,0.864129420425,0.0150745835026,0.827284543715,0.869910437801,-0.585182989531,-0.679829363376,0.547908326633,-0.882730440834,-0.19808347355,ACJ BDEH FGI,7,1285,,,,,,,,,,8,A B C D E F G H I J,A B CJ D E F G H I,A B CJ DE F G H I,A B CJ DEH F G I,A BDEH CJ F G I,A BDEH CJ FG I,A BDEH CJ FGI,ACJ BDEH FGI
45,14.4063332081,True,1000,1,574,7.68,13.0,11.8461538462,10.4307692308,8.88819875776,7.3661971831,6.1582278481,5.81818181818,6.75609756098,7.11363636364,7.42857142857,8.10869565217,8.43902439024,8.2,7.83333333333,8.94444444444,7.83333333333,0.0,0.0,0.0,0.0,0.0,0.0,0.0,0.0,0.0,0.0,0.0,0.0,0.0,0.0,0.0,0.0,0.0,0.0,0.0,0.0,0.0,0.0,0.0,0.0,0.0,0.0,0.0,0.0,0.0,0.0,0.0,0.0,0.0,0.0,0.0564636867828,0.14688718666,0.0315565975375,0.148128210222,0.24805396408,0.0941120158582,0.0836601819994,0.0451711914434,0.0166049370635,0.129362028353,-0.232795298408,-0.805094035322,0.840184049061,0.744214144073,-0.149231183019,-0.734497234494,0.0919079465169,0.336901128782,0.466473203634,-0.741676527931,AEG BFJ CDHI,7,688,,,,,,,,,,8,A B C D E F G H I J,AE B C D F G H I J,AEG B C D F H I J,AEG BJ C D F H I,AEG BFJ C D H I,AEG BFJ CD H I,AEG BFJ CDI H,AEG BFJ CDHI
46,2747.52011991,False,24146,1,16228,14.7935061708,18.0,16.8333333333,14.7768595041,12.442455243,10.6289855072,10.217870257,10.2699386503,9.91428571429,9.76941176471,9.82402234637,9.56657223796,9.65740740741,10.0,10.7985257985,11.2733333333,11.5706051873,12.2338461538,12.8120689655,13.7282780411,14.6307506053,14.9817017383,15.2745098039,14.9189189189,15.046961326,14.3967046895,14.4670750383,15.0659536542,15.757417103,16.4455958549,17.03125,16.6267942584,17.0337381916,17.4394673123,17.9297163995,18.5084745763,18.9957865169,19.5828402367,20.1368613139,20.7947154472,20.5357142857,20.5524475524,20.375,20.6666666667,21.5957446809,22.0263157895,22.6909090909,23.1643835616,23.7794117647,22.7457627119,22.453125,0.113493208329,0.0268006673746,0.0434066988781,0.104516850327,0.0924926252907,0.0350244737745,0.156988060209,0.128556443892,0.151652931953,0.147068039973,-0.33891919449,0.590111956928,-0.41175528,0.0901288247778,-0.199134222237,-0.766930666903,-0.0403506980362,0.409119390423,0.980303426704,0.377744465108,ACDEG BHJ F I,6,2041,,,,,,,,,,9,A B C D E F G H I J,A B C D E F G HJ I,A B C DHJ E F G I,A B C DGHJ E F I,AE B C DGHJ F I,ACE B DGHJ F I,ACEG B DHJ F I,ACEG BDHJ F I,ACDEG BHJ F I
47,40.4277820587,True,2898,1,722,10.0307108351,15.0,14.2666666667,12.7701149425,11.0581395349,9.63038548753,8.98170731707,9.33561643836,9.84266666667,10.4897260274,11.2391304348,10.6022099448,10.3823529412,0.0,0.0,0.0,0.0,0.0,0.0,0.0,0.0,0.0,0.0,0.0,0.0,0.0,0.0,0.0,0.0,0.0,0.0,0.0,0.0,0.0,0.0,0.0,0.0,0.0,0.0,0.0,0.0,0.0,0.0,0.0,0.0,0.0,0.0,0.0,0.0,0.0,0.0,0.0309641496778,0.153945441583,0.123787340211,0.0560607259522,0.102571477995,0.259911438681,0.0498471565048,0.164447675622,0.0541209309974,0.00434366277594,-0.521936045745,0.893055825473,-0.62527502742,-0.926028749819,0.191044987347,0.868685331831,0.542528834601,-0.989669211465,-0.536025051874,-0.99547792284,ACDHIJ BFG E,7,1803,,,,,,,,,,8,A B C D E F G H I J,A BF C D E G H I J,A BF C DH E G I J,A BF CDH E G I J,A BF CDHJ E G I,A BF CDHIJ E G,ACDHIJ BF E G,ACDHIJ BFG E
48,26.1170170307,True,2256,2,188,10.0394503546,17.0,16.3529411765,15.0267857143,13.038147139,10.7892307692,8.77293934681,7.2106741573,6.06,0.0,0.0,0.0,0.0,0.0,0.0,0.0,0.0,0.0,0.0,0.0,0.0,0.0,0.0,0.0,0.0,0.0,0.0,0.0,0.0,0.0,0.0,0.0,0.0,0.0,0.0,0.0,0.0,0.0,0.0,0.0,0.0,0.0,0.0,0.0,0.0,0.0,0.0,0.0,0.0,0.0,0.0,0.0982302867334,0.151627844066,0.0560151014204,0.147848125083,0.165056808223,0.0295529744098,0.0678364848813,0.0704121200838,0.0787735494424,0.134646705657,-0.924048966184,0.868618030537,-0.964485750305,-0.512821380035,0.534681319542,0.954922010431,-0.531385782864,-0.87117285273,0.481818671898,0.916851829451,ACH BEFIJ DG,7,2164,ACDGH BEFIJ,8,2246,,,,,,,9,A B C D E F G H I J,A BJ C D E F G H I,A BFJ C D E G H I,A BEFJ C D G H I,A BEFIJ C D G H,A BEFIJ C DG H,A BEFIJ C DGH,ADGH BEFIJ C,ACDGH BEFIJ
49,4094.96781921,False,29341,1,27958,16.0501005419,21.0,20.380952381,18.3197674419,15.8660084626,14.0629453682,13.4249809596,13.2073002755,13.5011961722,14.3623331686,15.1043731778,15.3818630475,15.8911511355,16.3154639175,16.95,17.1274397245,17.7261503928,18.8064903846,18.9610062893,19.2179310345,19.5558867362,19.9881656805,20.8111298482,21.3172413793,20.7845659164,18.5176470588,16.9398496241,16.8095238095,16.4913793103,16.7941176471,18.1120689655,19.08,18.8414634146,18.974025974,18.624,19.106870229,19.015625,19.5,19.8556701031,19.179245283,19.1962616822,18.8833333333,21.1209677419,20.3243243243,18.9019607843,19.3950617284,17.1612903226,16.798816568,17.9113300493,18.2054054054,19.4915254237,0.0234280051556,0.0232612471108,0.16918181023,0.103642519429,0.0616365112715,0.0767190350255,0.192759185101,0.164603484929,0.0928171496346,0.0919510521127,0.65878597677,0.241409635546,-0.586015172472,0.667407739685,0.189702406971,-0.117436053939,0.385061399597,0.82040750779,0.253668290267,0.838443192148,ADHJ BEGI C F,6,6686,,,,,,,,,,14,A B C D E F G H I J,A B C D E F GI H J,A B C D EGI F H J,A BEGI C D F H J,A BDEGI C F H J,ABDEGI C F H J,ABDEGHI C F J,ABDEGHIJ C F,ABDGHIJ C EF,ABDGHJ C EFI,ADGHJ BEFI C,ADHJ BEFGI C,ADHJ BEGI CF,ADHJ BEGI C F
